Date,ANTM_Close,IHSG_Close,EMAS_Close,USD_Close
2020-01-02,840,"6,283.58","1,528.10","13,889.0"
2020-01-03,850,"6,323.47","1,552.40","13,925.0"
2020-01-06,885,"6,257.40","1,568.80","13,940.0"
2020-01-07,875,"6,279.35","1,574.30","13,875.0"
2020-01-08,905,"6,225.69","1,560.20","13,892.5"
2020-01-09,880,"6,274.49","1,554.30","13,850.0"
2020-01-10,885,"6,274.94","1,560.10","13,762.5"
2020-01-13,870,"6,296.57","1,550.60","13,668.0"
2020-01-14,850,"6,325.41","1,544.60","13,670.0"
2020-01-15,835,"6,283.36","1,554.00","13,665.0"
2020-01-16,845,"6,286.05","1,550.50","13,630.0"
2020-01-17,840,"6,291.66","1,560.30","13,637.5"
2020-01-20,795,"6,245.04","1,557.90","13,632.5"
2020-01-21,795,"6,238.15","1,557.90","13,657.5"
2020-01-22,770,"6,233.45","1,556.70","13,644.5"
2020-01-23,780,"6,249.21","1,565.40","13,630.0"
2020-01-24,785,"6,244.11","1,571.90","13,572.5"
2020-01-27,750,"6,133.21","1,577.40","13,605.0"
2020-01-28,750,"6,111.18","1,569.80","13,637.5"
2020-01-29,750,"6,113.05","1,570.40","13,627.5"
2020-01-30,740,"6,057.60","1,586.50","13,645.0"
2020-01-31,720,"5,940.05","1,584.90","13,655.0"
2020-02-03,715,"5,884.17","1,579.50","13,742.5"
2020-02-04,730,"5,922.34","1,552.70","13,710.0"
2020-02-05,725,"5,978.51","1,560.10","13,675.0"
2020-02-06,735,"5,987.15","1,567.20","13,620.0"
2020-02-07,730,"5,999.61","1,570.60","13,675.0"
2020-02-10,720,"5,952.08","1,576.60","13,695.0"
2020-02-11,720,"5,954.40","1,567.20","13,665.0"
2020-02-12,715,"5,913.08","1,568.80","13,660.0"
2020-02-13,680,"5,871.95","1,576.30","13,680.0"
2020-02-14,675,"5,866.94","1,583.80","13,675.0"
2020-02-17,680,"5,867.52","1,603.60","13,652.5"
2020-02-18,690,"5,886.96","1,601.00","13,665.0"
2020-02-19,705,"5,928.79","1,608.80","13,687.5"
2020-02-20,710,"5,942.49","1,617.40","13,707.5"
2020-02-21,700,"5,882.26","1,645.10","13,765.0"
2020-02-24,685,"5,807.05","1,673.50","13,870.0"
2020-02-25,660,"5,787.14","1,647.00","13,882.5"
2020-02-26,630,"5,688.92","1,640.40","13,932.5"
2020-02-27,600,"5,535.69","1,642.50","14,035.0"
2020-02-28,575,"5,452.70","1,566.70","14,347.5"
2020-03-02,585,"5,361.25","1,594.80","14,265.0"
2020-03-03,615,"5,518.63","1,644.40","14,281.5"
2020-03-04,630,"5,650.14","1,643.00","14,115.0"
2020-03-05,630,"5,638.13","1,668.00","14,170.0"
2020-03-06,610,"5,498.54","1,672.40","14,230.0"
2020-03-09,555,"5,136.81","1,675.70","14,392.5"
2020-03-10,575,"5,220.83","1,660.30","14,346.0"
2020-03-11,540,"5,154.10","1,642.30","14,352.5"
2020-03-12,490,"4,895.75","1,590.30","14,521.5"
2020-03-13,478,"4,907.57","1,516.70","14,770.0"
2020-03-16,446,"4,690.66","1,486.50","14,925.0"
2020-03-17,416,"4,456.75","1,525.80","15,170.0"
2020-03-18,388,"4,330.67","1,477.90","15,217.5"
2020-03-19,362,"4,105.42","1,479.30","15,912.5"
2020-03-20,374,"4,194.94","1,484.60","15,925.0"
2020-03-23,348,"3,989.52","1,567.60","16,575.0"
2020-03-24,364,"3,937.63","1,660.80","16,500.0"
2020-03-26,416,"4,338.90","1,651.20","16,305.0"
2020-03-27,460,"4,545.57","1,625.00","16,140.0"
2020-03-30,432,"4,414.50","1,637.10","16,337.5"
2020-03-31,450,"4,538.93","1,589.30","16,310.0"
2020-04-01,436,"4,466.04","1,584.10","16,450.0"
2020-04-02,452,"4,531.69","1,630.70","16,475.0"
2020-04-03,464,"4,623.43","1,637.60","16,425.0"
2020-04-06,540,"4,811.83","1,684.00","16,412.5"
2020-04-07,555,"4,778.64","1,672.60","16,175.0"
2020-04-08,520,"4,626.69","1,674.10","16,175.0"
2020-04-09,520,"4,649.08","1,739.90","15,820.0"
2020-04-13,535,"4,623.89","1,749.80","15,630.0"
2020-04-14,555,"4,706.49","1,759.10","15,630.0"
2020-04-15,525,"4,625.90","1,729.60","15,565.0"
2020-04-16,505,"4,480.61","1,722.70","15,640.0"
2020-04-17,520,"4,634.82","1,690.80","15,430.0"
2020-04-20,500,"4,575.90","1,703.40","15,412.5"
2020-04-21,482,"4,501.92","1,678.30","15,455.0"
2020-04-22,492,"4,567.56","1,727.40","15,450.0"
2020-04-23,498,"4,593.55","1,733.40","15,400.0"
2020-04-24,494,"4,496.06","1,724.20","15,400.0"
2020-04-27,505,"4,513.14","1,712.60","15,385.0"
2020-04-28,492,"4,529.55","1,710.60","15,422.5"
2020-04-29,498,"4,567.32","1,713.40","15,295.0"
2020-04-30,510,"4,716.40","1,694.20","14,875.0"
2020-05-04,494,"4,605.49","1,713.30","15,100.0"
2020-05-05,500,"4,630.13","1,710.60","15,080.0"
2020-05-06,500,"4,608.79","1,688.50","15,045.0"
2020-05-08,535,"4,597.43","1,713.90","14,920.0"
2020-05-11,530,"4,639.10","1,698.00","14,895.0"
2020-05-12,515,"4,588.73","1,706.80","14,905.0"
2020-05-13,535,"4,554.36","1,716.40","14,865.0"
2020-05-14,515,"4,513.83","1,740.90","14,885.0"
2020-05-15,520,"4,507.61","1,756.30","14,860.0"
2020-05-18,525,"4,511.06","1,734.40","14,850.0"
2020-05-19,525,"4,548.66","1,745.60","14,770.0"
2020-05-20,520,"4,545.95","1,752.10","14,710.0"
2020-05-26,530,"4,626.80","1,705.60","14,755.0"
2020-05-27,520,"4,641.56","1,710.70","14,710.0"
2020-05-28,525,"4,716.19","1,719.80","14,715.0"
2020-05-29,535,"4,753.61","1,742.90","14,610.0"
2020-06-02,555,"4,847.51","1,728.90","14,415.0"
2020-06-03,555,"4,941.01","1,701.00","14,095.0"
2020-06-04,570,"4,916.70","1,721.80","14,095.0"
2020-06-05,590,"4,947.78","1,678.50","13,870.0"
2020-06-08,630,"5,070.56","1,699.90","13,885.0"
2020-06-09,610,"5,035.06","1,717.00","13,890.0"
2020-06-10,595,"4,920.68","1,715.50","13,980.0"
2020-06-11,580,"4,854.75","1,734.70","14,015.0"
2020-06-12,580,"4,880.36","1,732.00","14,125.0"
2020-06-15,565,"4,816.34","1,721.80","14,115.0"
2020-06-16,610,"4,986.46","1,731.50","14,090.0"
2020-06-17,635,"4,987.78","1,730.30","14,082.5"
2020-06-18,620,"4,925.25","1,726.00","14,085.0"
2020-06-19,610,"4,942.27","1,747.10","14,100.0"
2020-06-22,605,"4,918.83","1,758.40","14,185.0"
2020-06-23,595,"4,879.13","1,774.10","14,160.0"
2020-06-24,605,"4,964.73","1,768.10","14,130.0"
2020-06-25,600,"4,896.73","1,763.10","14,175.0"
2020-06-26,605,"4,904.09","1,773.30","14,220.0"
2020-06-29,595,"4,901.82","1,781.20","14,245.0"
2020-06-30,605,"4,905.39","1,800.50","14,255.0"
2020-07-01,600,"4,914.39","1,779.90","14,265.0"
2020-07-02,610,"4,966.78","1,790.00","14,378.5"
2020-07-03,600,"4,973.79","1,793.50","14,510.0"
2020-07-06,640,"4,988.87","1,793.50","14,490.0"
2020-07-07,650,"4,987.08","1,809.90","14,440.0"
2020-07-08,660,"5,076.17","1,820.60","14,410.0"
2020-07-09,650,"5,052.79","1,803.80","14,395.0"
2020-07-10,645,"5,031.26","1,801.90","14,435.0"
2020-07-13,675,"5,064.45","1,814.10","14,425.0"
2020-07-14,660,"5,079.12","1,813.40","14,450.0"
2020-07-15,655,"5,075.80","1,813.80","14,587.5"
2020-07-16,650,"5,098.37","1,800.30","14,625.0"
2020-07-17,660,"5,079.59","1,810.00","14,695.0"
2020-07-20,650,"5,051.11","1,817.40","14,785.0"
2020-07-21,685,"5,114.71","1,843.90","14,738.5"
2020-07-22,685,"5,110.19","1,865.10","14,650.0"
2020-07-23,690,"5,145.01","1,890.00","14,580.0"
2020-07-24,685,"5,082.99","1,897.50","14,610.0"
2020-07-27,725,"5,116.67","1,931.00","14,520.0"
2020-07-28,720,"5,112.99","1,944.60","14,535.0"
2020-07-29,730,"5,111.11","1,953.40","14,535.0"
2020-07-30,730,"5,149.63","1,949.50","14,600.0"
2020-08-03,700,"5,006.22","1,969.50","14,630.0"
2020-08-04,705,"5,075.00","2,004.20","14,620.0"
2020-08-05,750,"5,127.05","2,032.90","14,550.0"
2020-08-06,835,"5,178.27","2,054.60","14,585.0"
2020-08-07,840,"5,143.89","2,014.30","14,580.0"
2020-08-10,825,"5,157.83","2,027.30","14,590.0"
2020-08-11,800,"5,190.17","1,935.70","14,620.0"
2020-08-12,770,"5,233.45","1,937.50","14,685.0"
2020-08-13,770,"5,239.25","1,959.30","14,700.0"
2020-08-14,785,"5,247.69","1,938.80","14,720.0"
2020-08-18,805,"5,295.17","2,001.60","14,830.0"
2020-08-19,795,"5,272.81","1,960.50","14,770.0"
2020-08-24,780,"5,277.04","1,928.60","14,670.0"
2020-08-25,790,"5,338.89","1,912.50","14,640.0"
2020-08-26,785,"5,340.33","1,941.70","14,670.0"
2020-08-27,795,"5,371.47","1,922.30","14,650.0"
2020-08-28,820,"5,346.66","1,966.80","14,615.0"
2020-08-31,820,"5,238.49","1,970.50","14,560.0"
2020-09-01,840,"5,310.68","1,970.80","14,565.0"
2020-09-02,850,"5,311.97","1,936.90","14,740.0"
2020-09-03,830,"5,280.81","1,930.20","14,760.0"
2020-09-04,825,"5,239.85","1,926.20","14,740.0"
2020-09-07,825,"5,230.20","1,943.20","14,730.0"
2020-09-08,825,"5,244.07","1,935.10","14,760.0"
2020-09-09,795,"5,149.38","1,946.80","14,780.0"
2020-09-10,740,"4,891.46","1,956.00","14,820.0"
2020-09-11,775,"5,016.71","1,939.50","14,860.0"
2020-09-14,800,"5,161.83","1,954.70","14,860.0"
2020-09-15,805,"5,100.86","1,958.00","14,835.0"
2020-09-16,795,"5,058.48","1,962.00","14,825.0"
2020-09-17,775,"5,038.40","1,941.30","14,820.0"
2020-09-18,790,"5,059.22","1,953.20","14,730.0"
2020-09-21,765,"4,999.36","1,902.10","14,690.0"
2020-09-22,735,"4,934.09","1,899.30","14,750.0"
2020-09-23,750,"4,917.95","1,860.50","14,780.0"
2020-09-24,720,"4,842.76","1,868.90","14,845.0"
2020-09-25,730,"4,945.79","1,857.80","14,845.0"
2020-09-28,725,"4,906.55","1,872.80","14,850.0"
2020-09-29,715,"4,879.10","1,898.70","14,845.0"
2020-09-30,705,"4,870.04","1,891.30","14,840.0"
2020-10-01,735,"4,970.09","1,912.30","14,820.0"
2020-10-02,725,"4,926.73","1,903.80","14,830.0"
2020-10-05,720,"4,958.77","1,916.10","14,790.0"
2020-10-06,720,"4,999.22","1,904.80","14,710.0"
2020-10-07,715,"5,004.33","1,886.80","14,690.0"
2020-10-08,720,"5,039.14","1,891.00","14,685.0"
2020-10-09,765,"5,053.66","1,921.90","14,675.0"
2020-10-12,780,"5,093.10","1,924.30","14,680.0"
2020-10-13,765,"5,132.57","1,890.20","14,680.0"
2020-10-14,955,"5,176.10","1,903.10","14,680.0"
2020-10-15,935,"5,105.15","1,904.90","14,660.0"
2020-10-16,940,"5,103.41","1,902.40","14,670.0"
2020-10-19,"1,055","5,126.33","1,907.70","14,670.0"
2020-10-20,"1,035","5,099.84","1,911.60","14,650.0"
2020-10-21,"1,100","5,096.45","1,925.70","14,610.0"
2020-10-22,"1,085","5,091.82","1,901.60","14,640.0"
2020-10-23,"1,085","5,112.19","1,902.30","14,650.0"
2020-10-26,"1,060","5,144.05","1,903.10","14,630.0"
2020-10-27,"1,055","5,128.23","1,909.20","14,620.0"
2020-11-02,"1,100","5,115.13","1,892.50","14,625.0"
2020-11-03,"1,110","5,159.45","1,910.40","14,570.0"
2020-11-04,"1,105","5,105.20","1,896.20","14,540.0"
2020-11-05,"1,125","5,260.33","1,946.80","14,370.0"
2020-11-06,"1,125","5,335.53","1,951.70","14,190.0"
2020-11-09,"1,240","5,356.01","1,854.40","14,050.0"
2020-11-10,"1,200","5,462.74","1,876.40","14,040.0"
2020-11-11,"1,195","5,509.51","1,861.60","14,070.0"
2020-11-12,"1,170","5,458.60","1,873.30","14,140.0"
2020-11-13,"1,170","5,461.06","1,886.20","14,150.0"
2020-11-16,"1,185","5,494.87","1,887.80","14,100.0"
2020-11-17,"1,190","5,529.94","1,885.10","14,030.0"
2020-11-18,"1,240","5,557.52","1,873.90","14,050.0"
2020-11-19,"1,235","5,594.06","1,861.50","14,140.0"
2020-11-20,"1,210","5,571.66","1,872.40","14,150.0"
2020-11-23,"1,255","5,652.76","1,837.80","14,130.0"
2020-11-24,"1,235","5,701.03","1,804.60","14,140.0"
2020-11-25,"1,205","5,679.25","1,805.50","14,130.0"
2020-11-26,"1,210","5,759.92","1,788.10","14,090.0"
2020-11-27,"1,230","5,783.34","1,784.80","14,070.0"
2020-11-30,"1,145","5,612.41","1,778.00","14,090.0"
2020-12-01,"1,155","5,724.74","1,816.60","14,100.0"
2020-12-02,"1,245","5,813.99","1,827.60","14,090.0"
2020-12-03,"1,255","5,822.94","1,838.40","14,100.0"
2020-12-04,"1,245","5,810.48","1,837.50","14,085.0"
2020-12-07,"1,280","5,930.76","1,863.30","14,080.0"
2020-12-08,"1,300","5,944.41","1,872.30","14,080.0"
2020-12-10,"1,395","5,933.70","1,835.20","14,090.0"
2020-12-11,"1,450","5,938.33","1,841.40","14,070.0"
2020-12-14,"1,525","6,012.52","1,829.80","14,070.0"
2020-12-15,"1,560","6,010.13","1,853.20","14,090.0"
2020-12-16,"1,815","6,118.40","1,857.00","14,090.0"
2020-12-17,"1,815","6,113.38","1,887.90","14,085.0"
2020-12-18,"1,950","6,104.32","1,886.50","14,080.0"
2020-12-21,"1,965","6,165.62","1,880.30","14,100.0"
2020-12-22,"1,835","6,023.29","1,867.70","14,145.0"
2020-12-23,"1,790","6,008.71","1,875.60","14,150.0"
2020-12-28,"2,000","6,093.55","1,877.90","14,140.0"
2020-12-29,"1,945","6,036.17","1,880.50","14,110.0"
2020-12-30,"1,935","5,979.07","1,893.40","14,040.0"
2021-01-04,"2,190","6,104.90","1,946.60","13,885.0"
2021-01-05,"2,230","6,137.34","1,954.40","13,900.0"
2021-01-06,"2,220","6,065.68","1,908.60","13,880.0"
2021-01-07,"2,600","6,153.63","1,913.60","13,890.0"
2021-01-08,"2,600","6,257.84","1,835.40","13,980.0"
2021-01-11,"2,580","6,382.94","1,850.80","14,080.0"
2021-01-12,"2,770","6,395.67","1,844.20","14,120.0"
2021-01-13,"3,120","6,435.20","1,854.90","14,055.0"
2021-01-14,"3,180","6,428.31","1,851.40","14,050.0"
2021-01-15,"3,120","6,373.41","1,829.90","14,010.0"
2021-01-18,"2,910","6,389.83","1,840.20","14,060.0"
2021-01-19,"2,710","6,321.86","1,840.20","14,050.0"
2021-01-20,"3,190","6,429.76","1,866.50","14,020.0"
2021-01-21,"3,090","6,413.89","1,865.90","13,980.0"
2021-01-22,"2,880","6,307.13","1,856.20","14,020.0"
2021-01-25,"2,870","6,258.57","1,855.20","14,010.0"
2021-01-26,"2,670","6,140.17","1,850.90","14,040.0"
2021-01-27,"2,550","6,109.17","1,844.90","14,035.0"
2021-01-28,"2,380","5,979.39","1,839.40","14,050.0"
2021-01-29,"2,220","5,862.35","1,849.00","14,020.0"
2021-02-01,"2,600","6,067.55","1,862.20","14,010.0"
2021-02-02,"2,420","6,043.84","1,832.40","14,020.0"
2021-02-03,"2,330","6,077.74","1,833.80","14,000.0"
2021-02-04,"2,400","6,107.22","1,790.30","14,010.0"
2021-02-05,"2,660","6,151.73","1,811.90","14,020.0"
2021-02-08,"2,830","6,208.87","1,833.00","13,995.0"
2021-02-09,"2,730","6,181.67","1,836.20","13,990.0"
2021-02-10,"2,930","6,201.83","1,841.60","13,980.0"
2021-02-11,"2,870","6,222.52","1,825.60","13,970.0"
2021-02-15,"2,900","6,270.32","1,799.00","13,910.0"
2021-02-16,"2,870","6,292.40","1,797.90","13,920.0"
2021-02-17,"2,750","6,227.73","1,771.80","14,010.0"
2021-02-18,"2,780","6,200.31","1,774.00","14,010.0"
2021-02-19,"2,880","6,231.93","1,776.30","14,060.0"
2021-02-22,"2,950","6,255.31","1,807.20","14,110.0"
2021-02-23,"2,940","6,272.81","1,804.80","14,090.0"
2021-02-24,"2,910","6,251.05","1,796.60","14,080.0"
2021-02-25,"2,960","6,289.65","1,775.40","14,080.0"
2021-02-26,"2,840","6,241.80","1,728.80","14,240.0"
2021-03-01,"2,840","6,338.51","1,723.00","14,250.0"
2021-03-02,"2,730","6,359.20","1,733.60","14,300.0"
2021-03-03,"2,700","6,376.76","1,715.80","14,240.0"
2021-03-04,"2,520","6,290.80","1,700.70","14,260.0"
2021-03-05,"2,420","6,258.75","1,698.50","14,290.0"
2021-03-08,"2,280","6,248.47","1,678.00","14,350.0"
2021-03-09,"2,230","6,199.65","1,716.90","14,390.0"
2021-03-10,"2,230","6,264.68","1,721.80","14,395.0"
2021-03-12,"2,420","6,358.21","1,719.80","14,380.0"
2021-03-15,"2,340","6,324.26","1,729.20","14,395.0"
2021-03-16,"2,270","6,309.70","1,730.90","14,400.0"
2021-03-17,"2,300","6,277.23","1,727.10","14,425.0"
2021-03-18,"2,290","6,347.83","1,732.50","14,390.0"
2021-03-19,"2,250","6,356.16","1,741.70","14,400.0"
2021-03-22,"2,260","6,301.13","1,738.10","14,400.0"
2021-03-23,"2,270","6,252.71","1,725.10","14,390.0"
2021-03-24,"2,170","6,156.14","1,733.20","14,420.0"
2021-03-25,"2,180","6,122.88","1,725.10","14,420.0"
2021-03-26,"2,430","6,195.56","1,732.30","14,410.0"
2021-03-29,"2,260","6,166.82","1,712.20","14,440.0"
2021-03-30,"2,210","6,071.44","1,685.10","14,470.0"
2021-03-31,"2,250","5,985.52","1,714.40","14,520.0"
2021-04-01,"2,240","6,011.46","1,727.30","14,520.0"
2021-04-05,"2,200","5,970.29","1,727.70","14,510.0"
2021-04-06,"2,330","6,002.77","1,742.00","14,500.0"
2021-04-07,"2,360","6,036.62","1,740.50","14,490.0"
2021-04-08,"2,470","6,071.72","1,757.10","14,530.0"
2021-04-09,"2,340","6,070.21","1,743.80","14,560.0"
2021-04-12,"2,250","5,948.57","1,731.60","14,590.0"
2021-04-13,"2,270","5,927.44","1,746.50","14,600.0"
2021-04-14,"2,330","6,050.28","1,735.30","14,600.0"
2021-04-15,"2,320","6,079.50","1,765.80","14,600.0"
2021-04-16,"2,390","6,086.26","1,779.30","14,560.0"
2021-04-19,"2,340","6,052.54","1,769.70","14,545.0"
2021-04-20,"2,350","6,038.32","1,777.60","14,495.0"
2021-04-21,"2,370","5,993.24","1,792.70","14,525.0"
2021-04-22,"2,350","5,994.18","1,781.50","14,515.0"
2021-04-23,"2,320","6,016.86","1,777.30","14,520.0"
2021-04-26,"2,390","5,964.82","1,779.40","14,480.0"
2021-04-27,"2,390","5,959.62","1,778.20","14,480.0"
2021-04-28,"2,430","5,974.48","1,773.50","14,495.0"
2021-04-29,"2,510","6,012.96","1,768.30","14,445.0"
2021-04-30,"2,490","5,995.62","1,767.70","14,440.0"
2021-05-03,"2,520","5,952.60","1,791.80","14,445.0"
2021-05-04,"2,620","5,963.82","1,776.00","14,425.0"
2021-05-05,"2,630","5,975.91","1,784.30","14,430.0"
2021-05-06,"2,620","5,970.24","1,815.70","14,315.0"
2021-05-07,"2,620","5,928.31","1,831.30","14,280.0"
2021-05-10,"2,680","5,975.79","1,837.60","14,195.0"
2021-05-11,"2,670","5,938.35","1,836.10","14,195.0"
2021-05-17,"2,510","5,833.86","1,867.60","14,280.0"
2021-05-18,"2,600","5,834.39","1,868.00","14,270.0"
2021-05-19,"2,550","5,760.58","1,881.50","14,275.0"
2021-05-20,"2,420","5,797.60","1,881.90","14,370.0"
2021-05-21,"2,330","5,773.12","1,876.70","14,350.0"
2021-05-24,"2,270","5,763.63","1,884.50","14,350.0"
2021-05-25,"2,330","5,815.84","1,898.00","14,325.0"
2021-05-27,"2,390","5,841.83","1,896.90","14,285.0"
2021-05-28,"2,460","5,848.62","1,904.00","14,280.0"
2021-05-31,"2,450","5,947.46","1,905.00","14,275.0"
2021-06-02,"2,550","6,031.58","1,908.70","14,275.0"
2021-06-03,"2,520","6,091.51","1,872.10","14,280.0"
2021-06-04,"2,430","6,065.17","1,890.80","14,290.0"
2021-06-07,"2,380","6,069.94","1,897.60","14,260.0"
2021-06-08,"2,350","5,999.37","1,893.10","14,250.0"
2021-06-09,"2,460","6,047.48","1,894.20","14,250.0"
2021-06-10,"2,420","6,107.54","1,895.20","14,245.0"
2021-06-11,"2,480","6,095.50","1,878.40","14,188.0"
2021-06-14,"2,410","6,080.38","1,864.60","14,200.0"
2021-06-15,"2,360","6,089.04","1,855.20","14,220.0"
2021-06-16,"2,320","6,078.57","1,860.20","14,235.0"
2021-06-17,"2,330","6,068.45","1,774.50","14,350.0"
2021-06-18,"2,230","6,007.12","1,768.40","14,370.0"
2021-06-21,"2,200","5,996.25","1,782.30","14,425.0"
2021-06-22,"2,260","6,087.84","1,776.50","14,400.0"
2021-06-23,"2,250","6,034.54","1,782.50","14,430.0"
2021-06-24,"2,250","6,012.06","1,775.80","14,435.0"
2021-06-25,"2,300","6,022.40","1,777.00","14,420.0"
2021-06-28,"2,240","5,939.47","1,779.80","14,440.0"
2021-06-29,"2,220","5,949.05","1,763.60","14,480.0"
2021-06-30,"2,300","5,985.49","1,771.60","14,495.0"
2021-07-01,"2,230","6,005.96","1,776.80","14,500.0"
2021-07-02,"2,220","6,023.01","1,783.30","14,530.0"
2021-07-05,"2,240","6,005.61","1,794.20","14,476.0"
2021-07-06,"2,480","6,047.11","1,794.20","14,465.0"
2021-07-07,"2,460","6,044.04","1,802.10","14,480.0"
2021-07-08,"2,550","6,039.90","1,800.20","14,520.0"
2021-07-09,"2,590","6,039.84","1,810.60","14,525.0"
2021-07-12,"2,550","6,078.57","1,805.90","14,490.0"
2021-07-13,"2,540","6,012.03","1,809.90","14,462.0"
2021-07-14,"2,590","5,979.22","1,825.00","14,475.0"
2021-07-15,"2,610","6,046.75","1,829.00","14,480.0"
2021-07-16,"2,620","6,072.51","1,815.00","14,495.0"
2021-07-19,"2,640","6,017.39","1,809.20","14,515.0"
2021-07-21,"2,560","6,029.98","1,803.40","14,540.0"
2021-07-22,"2,570","6,137.55","1,805.40","14,480.0"
2021-07-23,"2,620","6,101.69","1,801.80","14,490.0"
2021-07-26,"2,630","6,106.39","1,799.20","14,480.0"
2021-07-27,"2,530","6,097.05","1,799.80","14,490.0"
2021-07-28,"2,520","6,088.52","1,799.70","14,485.0"
2021-07-29,"2,590","6,120.73","1,832.30","14,480.0"
2021-07-30,"2,520","6,070.04","1,813.50","14,460.0"
2021-08-02,"2,510","6,096.54","1,818.70","14,420.0"
2021-08-03,"2,470","6,130.57","1,810.70","14,340.0"
2021-08-04,"2,420","6,159.03","1,811.20","14,310.0"
2021-08-05,"2,370","6,205.42","1,805.70","14,340.0"
2021-08-06,"2,330","6,203.43","1,760.30","14,350.0"
2021-08-09,"2,260","6,127.46","1,723.80","14,360.0"
2021-08-10,"2,340","6,088.41","1,729.00","14,380.0"
2021-08-12,"2,400","6,139.65","1,749.30","14,380.0"
2021-08-13,"2,380","6,139.49","1,775.50","14,385.0"
2021-08-16,"2,390","6,087.91","1,787.20","14,370.0"
2021-08-18,"2,400","6,118.15","1,782.10","14,370.0"
2021-08-19,"2,270","5,992.32","1,780.60","14,400.0"
2021-08-20,"2,280","6,030.77","1,781.40","14,450.0"
2021-08-23,"2,290","6,109.83","1,803.60","14,410.0"
2021-08-24,"2,270","6,089.50","1,805.90","14,390.0"
2021-08-25,"2,300","6,113.24","1,788.20","14,395.0"
2021-08-26,"2,270","6,058.08","1,792.40","14,415.0"
2021-08-27,"2,260","6,041.37","1,816.60","14,415.0"
2021-08-30,"2,310","6,144.90","1,809.80","14,368.0"
2021-08-31,"2,390","6,150.30","1,815.80","14,265.0"
2021-09-01,"2,390","6,090.93","1,813.80","14,280.0"
2021-09-02,"2,320","6,078.23","1,809.40","14,270.0"
2021-09-03,"2,350","6,126.92","1,831.50","14,260.0"
2021-09-06,"2,380","6,126.94","1,798.50","14,220.0"
2021-09-07,"2,350","6,112.40","1,796.30","14,210.0"
2021-09-08,"2,320","6,026.02","1,791.20","14,250.0"
2021-09-09,"2,440","6,068.22","1,797.80","14,250.0"
2021-09-10,"2,590","6,094.87","1,789.90","14,200.0"
2021-09-13,"2,520","6,088.16","1,792.30","14,250.0"
2021-09-14,"2,470","6,129.10","1,805.00","14,245.0"
2021-09-15,"2,490","6,110.23","1,792.60","14,240.0"
2021-09-16,"2,410","6,109.94","1,754.60","14,250.0"
2021-09-17,"2,400","6,133.25","1,749.40","14,225.0"
2021-09-20,"2,350","6,076.31","1,761.80","14,240.0"
2021-09-21,"2,360","6,060.76","1,776.10","14,235.0"
2021-09-22,"2,340","6,108.27","1,776.70","14,240.0"
2021-09-23,"2,290","6,142.71","1,747.70","14,240.0"
2021-09-24,"2,290","6,144.81","1,749.70","14,255.0"
2021-09-27,"2,290","6,122.49","1,750.00","14,250.0"
2021-09-28,"2,270","6,113.11","1,735.90","14,270.0"
2021-09-29,"2,310","6,162.55","1,722.20","14,290.0"
2021-09-30,"2,290","6,286.94","1,756.30","14,310.0"
2021-10-01,"2,220","6,228.85","1,757.70","14,305.0"
2021-10-04,"2,310","6,342.69","1,766.90","14,265.0"
2021-10-05,"2,300","6,288.05","1,760.20","14,248.0"
2021-10-06,"2,300","6,417.32","1,761.20","14,250.0"
2021-10-07,"2,330","6,416.40","1,758.60","14,215.0"
2021-10-08,"2,340","6,481.77","1,756.80","14,220.0"
2021-10-11,"2,420","6,459.70","1,755.10","14,205.0"
2021-10-12,"2,370","6,486.27","1,758.70","14,215.0"
2021-10-13,"2,340","6,536.90","1,794.10","14,215.0"
2021-10-14,"2,420","6,626.11","1,797.30","14,115.0"
2021-10-15,"2,470","6,633.34","1,767.70","14,070.0"
2021-10-18,"2,510","6,658.77","1,765.10","14,105.0"
2021-10-19,"2,530","6,656.00","1,769.90","14,073.0"
2021-10-21,"2,450","6,632.97","1,781.30","14,120.0"
2021-10-22,"2,430","6,643.74","1,795.70","14,120.0"
2021-10-25,"2,420","6,625.70","1,806.20","14,155.0"
2021-10-26,"2,400","6,656.94","1,792.50","14,150.0"
2021-10-27,"2,350","6,602.21","1,797.80","14,170.0"
2021-10-28,"2,320","6,524.08","1,802.60","14,170.0"
2021-10-29,"2,340","6,591.35","1,783.90","14,165.0"
2021-11-01,"2,330","6,552.89","1,795.80","14,245.0"
2021-11-02,"2,310","6,493.27","1,789.40","14,250.0"
2021-11-03,"2,320","6,552.13","1,763.90","14,295.0"
2021-11-04,"2,380","6,586.44","1,793.50","14,335.0"
2021-11-05,"2,360","6,581.78","1,816.80","14,325.0"
2021-11-08,"2,370","6,632.30","1,828.00","14,255.0"
2021-11-09,"2,340","6,669.93","1,830.80","14,240.0"
2021-11-10,"2,340","6,683.15","1,848.30","14,250.0"
2021-11-11,"2,370","6,691.34","1,863.90","14,260.0"
2021-11-12,"2,400","6,651.05","1,868.50","14,233.0"
2021-11-15,"2,390","6,616.03","1,866.60","14,210.0"
2021-11-16,"2,380","6,651.21","1,854.10","14,220.0"
2021-11-17,"2,350","6,675.80","1,870.20","14,240.0"
2021-11-18,"2,330","6,636.47","1,861.40","14,225.0"
2021-11-19,"2,390","6,720.26","1,851.60","14,235.0"
2021-11-22,"2,370","6,723.39","1,806.30","14,245.0"
2021-11-23,"2,400","6,677.88","1,783.80","14,255.0"
2021-11-24,"2,440","6,683.28","1,784.30","14,255.0"
2021-11-25,"2,440","6,699.35","1,785.50","14,265.0"
2021-11-26,"2,340","6,561.55","1,785.50","14,300.0"
2021-11-29,"2,330","6,608.29","1,783.80","14,320.0"
2021-11-30,"2,300","6,533.93","1,775.10","14,320.0"
2021-12-01,"2,270","6,507.68","1,783.00","14,340.0"
2021-12-02,"2,340","6,583.82","1,761.60","14,375.0"
2021-12-03,"2,340","6,538.51","1,782.90","14,395.0"
2021-12-06,"2,320","6,547.12","1,778.50","14,435.0"
2021-12-07,"2,340","6,602.57","1,783.60","14,375.0"
2021-12-08,"2,330","6,603.80","1,784.50","14,355.0"
2021-12-09,"2,330","6,643.93","1,775.70","14,350.0"
2021-12-10,"2,320","6,652.92","1,783.80","14,370.0"
2021-12-13,"2,320","6,662.87","1,787.30","14,340.0"
2021-12-14,"2,290","6,615.64","1,771.30","14,330.0"
2021-12-15,"2,280","6,626.26","1,763.60","14,330.0"
2021-12-16,"2,290","6,594.80","1,797.40","14,340.0"
2021-12-17,"2,250","6,601.93","1,804.10","14,365.0"
2021-12-20,"2,220","6,547.11","1,793.80","14,375.0"
2021-12-21,"2,260","6,554.31","1,788.00","14,313.0"
2021-12-22,"2,250","6,529.59","1,801.50","14,285.0"
2021-12-23,"2,240","6,555.55","1,811.00","14,247.0"
2021-12-27,"2,300","6,575.44","1,808.00","14,225.0"
2021-12-28,"2,260","6,598.34","1,810.10","14,225.0"
2021-12-29,"2,270","6,600.68","1,804.80","14,250.0"
2021-12-30,"2,250","6,581.48","1,814.10","14,265.0"
2022-01-03,"2,340","6,665.31","1,800.10","14,264.0"
2022-01-04,"2,300","6,695.37","1,814.60","14,300.0"
2022-01-05,"2,270","6,662.30","1,825.10","14,355.0"
2022-01-06,"2,230","6,653.35","1,789.20","14,390.0"
2022-01-07,"2,230","6,701.32","1,797.40","14,355.0"
2022-01-10,"2,220","6,691.12","1,798.80","14,305.0"
2022-01-11,"2,080","6,647.97","1,818.50","14,300.0"
2022-01-12,"1,935","6,647.06","1,827.30","14,315.0"
2022-01-13,"1,965","6,658.36","1,821.40","14,290.0"
2022-01-14,"1,950","6,693.40","1,816.50","14,295.0"
2022-01-17,"1,855","6,645.05","1,812.40","14,315.0"
2022-01-18,"1,780","6,614.06","1,812.40","14,335.0"
2022-01-19,"1,725","6,591.98","1,843.20","14,360.0"
2022-01-20,"1,935","6,626.87","1,842.60","14,335.0"
2022-01-21,"1,945","6,726.37","1,831.80","14,335.0"
2022-01-24,"1,885","6,655.17","1,841.70","14,340.0"
2022-01-25,"1,760","6,568.17","1,852.50","14,350.0"
2022-01-26,"1,805","6,600.82","1,829.70","14,350.0"
2022-01-27,"1,765","6,611.16","1,793.10","14,385.0"
2022-01-28,"1,770","6,645.51","1,785.80","14,385.0"
2022-01-31,"1,770","6,631.15","1,796.00","14,380.0"
2022-02-02,"1,780","6,707.65","1,809.50","14,355.0"
2022-02-03,"1,840","6,683.85","1,803.20","14,375.0"
2022-02-04,"1,810","6,731.39","1,806.80","14,378.0"
2022-02-07,"1,810","6,804.94","1,820.80","14,395.0"
2022-02-08,"1,790","6,789.52","1,826.80","14,390.0"
2022-02-09,"1,780","6,834.61","1,835.60","14,355.0"
2022-02-10,"1,880","6,823.64","1,836.40","14,340.0"
2022-02-11,"1,845","6,815.61","1,841.10","14,350.0"
2022-02-14,"1,890","6,734.49","1,868.30","14,325.0"
2022-02-15,"1,880","6,807.50","1,855.10","14,300.0"
2022-02-16,"1,880","6,850.20","1,870.50","14,255.0"
2022-02-17,"1,945","6,835.12","1,901.00","14,315.0"
2022-02-18,"2,090","6,892.82","1,898.80","14,325.0"
2022-02-21,"2,170","6,902.96","1,907.40","14,325.0"
2022-02-22,"2,180","6,861.99","1,906.40","14,361.0"
2022-02-23,"2,200","6,920.06","1,909.40","14,335.0"
2022-02-24,"2,220","6,817.82","1,925.40","14,380.0"
2022-02-25,"2,220","6,888.17","1,887.60","14,365.0"
2022-03-01,"2,260","6,921.44","1,943.80","14,335.0"
2022-03-02,"2,290","6,868.40","1,922.30","14,385.0"
2022-03-04,"2,450","6,928.33","1,966.60","14,385.0"
2022-03-07,"2,820","6,869.07","1,995.90","14,405.0"
2022-03-08,"2,840","6,814.18","2,043.30","14,395.0"
2022-03-09,"2,650","6,864.44","1,988.20","14,345.0"
2022-03-10,"2,570","6,924.01","2,000.40","14,275.0"
2022-03-11,"2,520","6,922.60","1,985.00","14,300.0"
2022-03-14,"2,400","6,952.20","1,960.80","14,330.0"
2022-03-15,"2,370","6,918.19","1,929.70","14,325.0"
2022-03-16,"2,390","6,992.40","1,909.20","14,310.0"
2022-03-17,"2,350","6,964.38","1,943.20","14,300.0"
2022-03-18,"2,390","6,954.96","1,929.30","14,340.0"
2022-03-21,"2,360","6,955.18","1,929.50","14,338.0"
2022-03-22,"2,550","7,000.82","1,921.50","14,356.0"
2022-03-23,"2,500","6,996.12","1,937.30","14,345.0"
2022-03-24,"2,640","7,049.69","1,962.20","14,344.0"
2022-03-25,"2,660","7,002.53","1,954.20","14,340.0"
2022-03-28,"2,630","7,049.60","1,939.80","14,362.0"
2022-03-29,"2,530","7,011.69","1,912.20","14,363.0"
2022-03-30,"2,510","7,053.19","1,936.10","14,340.0"
2022-03-31,"2,440","7,071.44","1,951.10","14,368.0"
2022-04-01,"2,510","7,078.76","1,920.90","14,365.0"
2022-04-04,"2,640","7,116.22","1,930.60","14,353.0"
2022-04-05,"2,670","7,148.30","1,924.10","14,345.0"
2022-04-06,"2,650","7,104.22","1,919.70","14,355.0"
2022-04-07,"2,760","7,127.37","1,934.70","14,358.0"
2022-04-08,"2,800","7,210.83","1,942.40","14,360.0"
2022-04-11,"2,630","7,203.79","1,945.10","14,365.0"
2022-04-12,"2,670","7,214.78","1,973.20","14,360.0"
2022-04-13,"2,790","7,262.78","1,981.90","14,362.0"
2022-04-14,"2,780","7,235.53","1,972.20","14,343.0"
2022-04-18,"2,900","7,275.29","1,983.60","14,353.0"
2022-04-19,"2,850","7,199.23","1,956.30","14,335.0"
2022-04-20,"2,820","7,227.36","1,952.90","14,355.0"
2022-04-21,"2,790","7,276.19","1,945.40","14,343.0"
2022-04-22,"2,740","7,225.61","1,931.60","14,356.0"
2022-04-25,"2,620","7,215.98","1,893.30","14,455.0"
2022-04-26,"2,500","7,232.15","1,901.50","14,410.0"
2022-04-27,"2,560","7,196.76","1,885.80","14,420.0"
2022-04-28,"2,600","7,228.91","1,891.30","14,495.0"
2022-05-09,"2,530","6,909.75","1,858.60","14,555.0"
2022-05-10,"2,420","6,819.79","1,841.00","14,555.0"
2022-05-11,"2,400","6,816.20","1,853.70","14,555.0"
2022-05-12,"2,330","6,599.84","1,824.60","14,595.0"
2022-05-13,"2,330","6,597.99","1,808.20","14,610.0"
2022-05-17,"2,390","6,644.47","1,818.90","14,645.0"
2022-05-18,"2,400","6,793.41","1,815.90","14,685.0"
2022-05-19,"2,460","6,823.33","1,841.20","14,730.0"
2022-05-20,"2,490","6,918.14","1,842.10","14,650.0"
2022-05-23,"2,530","6,840.77","1,847.80","14,670.0"
2022-05-24,"2,570","6,914.14","1,865.40","14,655.0"
2022-05-25,"2,490","6,883.50","1,846.30","14,630.0"
2022-05-27,"2,470","7,026.26","1,854.00","14,575.0"
2022-05-30,"2,560","7,037.56","1,848.40","14,557.0"
2022-05-31,"2,510","7,148.97","1,845.20","14,580.0"
2022-06-02,"2,510","7,148.72","1,868.40","14,480.0"
2022-06-03,"2,500","7,182.96","1,847.30","14,435.0"
2022-06-06,"2,450","7,096.58","1,840.80","14,450.0"
2022-06-07,"2,420","7,141.04","1,849.20","14,454.0"
2022-06-08,"2,420","7,193.31","1,853.60","14,490.0"
2022-06-09,"2,400","7,182.83","1,850.10","14,560.0"
2022-06-10,"2,290","7,086.65","1,872.70","14,550.0"
2022-06-13,"2,260","6,995.44","1,829.20","14,678.0"
2022-06-14,"2,180","7,049.88","1,810.50","14,695.0"
2022-06-15,"2,170","7,007.05","1,816.30","14,740.0"
2022-06-16,"2,150","7,050.33","1,846.60","14,765.0"
2022-06-17,"2,110","6,936.97","1,836.50","14,821.0"
2022-06-20,"2,070","6,976.38","1,838.80","14,830.0"
2022-06-21,"2,150","7,044.07","1,835.40","14,810.0"
2022-06-22,"2,020","6,984.31","1,835.20","14,865.0"
2022-06-23,"1,965","6,998.27","1,826.30","14,835.0"
2022-06-24,"1,970","7,042.94","1,827.00","14,845.0"
2022-06-27,"1,890","7,016.06","1,821.00","14,800.0"
2022-06-28,"1,865","6,996.46","1,817.50","14,835.0"
2022-06-29,"1,835","6,942.35","1,817.50","14,849.0"
2022-06-30,"1,800","6,911.58","1,807.30","14,895.0"
2022-07-01,"1,750","6,794.33","1,801.50","14,935.0"
2022-07-04,"1,720","6,639.17","1,763.90","14,965.0"
2022-07-05,"1,790","6,703.27","1,763.90","14,985.0"
2022-07-06,"1,720","6,646.41","1,736.50","14,995.0"
2022-07-07,"1,720","6,652.59","1,739.70","14,995.0"
2022-07-08,"1,715","6,740.22","1,742.30","14,975.0"
2022-07-11,"1,720","6,722.15","1,731.70","14,970.0"
2022-07-12,"1,740","6,718.29","1,724.80","14,985.0"
2022-07-13,"1,720","6,640.99","1,735.50","14,985.0"
2022-07-14,"1,650","6,690.09","1,705.80","14,990.0"
2022-07-15,"1,540","6,651.90","1,703.60","14,990.0"
2022-07-18,"1,560","6,659.25","1,710.20","14,982.0"
2022-07-19,"1,655","6,736.09","1,710.70","14,975.0"
2022-07-20,"1,695","6,874.74","1,700.20","14,985.0"
2022-07-21,"1,675","6,864.13","1,713.40","15,030.0"
2022-07-22,"1,780","6,886.96","1,727.40","15,015.0"
2022-07-25,"1,755","6,858.41","1,719.10","14,995.0"
2022-07-26,"1,790","6,871.54","1,717.70","14,995.0"
2022-07-27,"1,785","6,898.22","1,719.10","15,010.0"
2022-07-28,"2,000","6,956.82","1,754.40","14,930.0"
2022-07-29,"1,955","6,951.12","1,766.90","14,830.0"
2022-08-01,"2,080","6,968.78","1,772.70","14,870.0"
2022-08-02,"1,995","6,988.16","1,774.80","14,890.0"
2022-08-03,"1,970","7,046.63","1,760.90","14,910.0"
2022-08-04,"1,970","7,057.35","1,791.20","14,930.0"
2022-08-05,"2,020","7,084.65","1,775.80","14,890.0"
2022-08-08,"2,060","7,086.85","1,789.60","14,875.0"
2022-08-09,"2,180","7,102.88","1,796.80","14,850.0"
2022-08-10,"2,120","7,086.24","1,798.50","14,870.0"
2022-08-11,"2,240","7,160.38","1,792.10","14,765.0"
2022-08-12,"2,220","7,129.28","1,800.80","14,665.0"
2022-08-15,"2,130","7,093.28","1,783.30","14,740.0"
2022-08-16,"2,080","7,133.45","1,774.90","14,765.0"
2022-08-18,"2,050","7,186.56","1,756.50","14,830.0"
2022-08-19,"2,060","7,172.43","1,748.40","14,835.0"
2022-08-22,"1,985","7,107.98","1,734.40","14,885.0"
2022-08-23,"2,030","7,163.27","1,747.30","14,835.0"
2022-08-24,"2,010","7,194.71","1,747.80","14,845.0"
2022-08-25,"1,995","7,174.21","1,757.80","14,820.0"
2022-08-26,"1,955","7,135.25","1,736.50","14,815.0"
2022-08-29,"1,900","7,132.04","1,736.70","14,895.0"
2022-08-30,"1,985","7,159.47","1,726.90","14,840.0"
2022-08-31,"1,990","7,178.59","1,716.90","14,840.0"
2022-09-01,"1,935","7,153.10","1,699.60","14,880.0"
2022-09-02,"1,900","7,177.18","1,713.00","14,895.0"
2022-09-05,"1,970","7,231.88","1,712.90","14,900.0"
2022-09-06,"1,990","7,233.15","1,703.40","14,885.0"
2022-09-07,"1,950","7,186.76","1,718.20","14,915.0"
2022-09-08,"1,920","7,232.02","1,710.60","14,895.0"
2022-09-09,"1,975","7,242.66","1,718.80","14,828.0"
2022-09-12,"1,980","7,254.46","1,730.80","14,840.0"
2022-09-13,"2,070","7,318.02","1,707.10","14,850.0"
2022-09-14,"2,120","7,278.08","1,698.20","14,905.0"
2022-09-15,"2,070","7,305.60","1,666.80","14,895.0"
2022-09-16,"2,040","7,168.87","1,672.80","14,950.0"
2022-09-19,"2,050","7,195.49","1,667.60","14,975.0"
2022-09-20,"2,050","7,196.95","1,661.00","14,980.0"
2022-09-21,"2,080","7,188.31","1,665.80","14,995.0"
2022-09-22,"2,080","7,218.91","1,671.40","15,015.0"
2022-09-23,"2,040","7,178.58","1,645.30","15,035.0"
2022-09-26,"1,970","7,127.50","1,623.60","15,125.0"
2022-09-27,"1,965","7,112.45","1,626.50","15,120.0"
2022-09-28,"1,925","7,077.03","1,660.30","15,260.0"
2022-09-29,"1,920","7,036.20","1,663.60","15,260.0"
2022-09-30,"1,940","7,040.80","1,667.20","15,225.0"
2022-10-03,"1,890","7,009.72","1,697.20","15,300.0"
2022-10-04,"1,925","7,072.26","1,725.50","15,245.0"
2022-10-05,"1,940","7,075.38","1,715.60","15,190.0"
2022-10-06,"1,930","7,076.62","1,715.50","15,185.0"
2022-10-07,"1,935","7,026.78","1,704.00","15,250.0"
2022-10-10,"1,910","6,994.40","1,670.10","15,310.0"
2022-10-11,"1,895","6,939.15","1,680.90","15,355.0"
2022-10-12,"1,880","6,909.21","1,672.30","15,355.0"
2022-10-13,"1,830","6,880.63","1,671.80","15,360.0"
2022-10-14,"1,820","6,814.53","1,643.70","15,425.0"
2022-10-17,"1,805","6,831.12","1,658.90","15,485.0"
2022-10-18,"1,795","6,834.49","1,650.70","15,465.0"
2022-10-19,"1,825","6,860.42","1,629.00","15,495.0"
2022-10-20,"1,820","6,980.65","1,631.80","15,570.0"
2022-10-21,"1,800","7,017.77","1,651.50","15,630.0"
2022-10-24,"1,795","7,053.04","1,649.20","15,585.0"
2022-10-25,"1,770","7,048.38","1,653.30","15,620.0"
2022-10-26,"1,810","7,043.94","1,664.40","15,569.0"
2022-10-27,"1,840","7,091.76","1,660.30","15,565.0"
2022-10-28,"1,835","7,056.04","1,644.80","15,548.0"
2022-10-31,"1,845","7,098.89","1,640.70","15,595.0"
2022-11-01,"1,810","7,052.30","1,649.70","15,625.0"
2022-11-02,"1,865","7,015.69","1,650.00","15,645.0"
2022-11-03,"1,830","7,034.57","1,630.90","15,695.0"
2022-11-04,"1,915","7,045.53","1,676.60","15,735.0"
2022-11-07,"2,000","7,102.40","1,680.50","15,705.0"
2022-11-08,"1,985","7,050.13","1,716.00","15,695.0"
2022-11-09,"2,000","7,070.08","1,713.70","15,658.0"
2022-11-10,"2,000","6,966.84","1,753.70","15,690.0"
2022-11-11,"2,120","7,089.21","1,769.40","15,490.0"
2022-11-14,"2,120","7,019.39","1,776.90","15,515.0"
2022-11-15,"2,160","7,035.50","1,776.80","15,535.0"
2022-11-16,"2,030","7,014.38","1,775.80","15,600.0"
2022-11-17,"1,975","7,044.99","1,763.00","15,660.0"
2022-11-18,"1,960","7,082.18","1,754.40","15,685.0"
2022-11-21,"1,960","7,063.25","1,739.60","15,710.0"
2022-11-22,"1,935","7,030.59","1,739.90","15,695.0"
2022-11-23,"1,975","7,054.12","1,745.60","15,685.0"
2022-11-24,"1,970","7,080.52","1,754.00","15,663.0"
2022-11-25,"1,950","7,053.15","1,754.00","15,670.0"
2022-11-28,"1,915","7,017.36","1,740.30","15,720.0"
2022-11-29,"1,965","7,012.07","1,756.30","15,740.0"
2022-11-30,"1,985","7,081.31","1,753.20","15,730.0"
2022-12-01,"2,040","7,020.80","1,808.20","15,560.0"
2022-12-02,"2,040","7,019.64","1,802.60","15,425.0"
2022-12-05,"2,060","6,987.33","1,774.30","15,465.0"
2022-12-06,"1,965","6,892.57","1,775.50","15,615.0"
2022-12-07,"1,920","6,818.75","1,791.00","15,635.0"
2022-12-08,"1,990","6,804.23","1,794.20","15,620.0"
2022-12-09,"1,935","6,715.12","1,803.50","15,582.0"
2022-12-12,"1,950","6,734.45","1,785.00","15,625.0"
2022-12-13,"1,930","6,810.32","1,818.30","15,655.0"
2022-12-14,"1,940","6,801.75","1,811.50","15,590.0"
2022-12-15,"1,935","6,751.86","1,780.60","15,615.0"
2022-12-16,"2,020","6,812.19","1,793.50","15,595.0"
2022-12-19,"2,040","6,779.70","1,791.00","15,595.0"
2022-12-20,"2,010","6,768.32","1,818.60","15,600.0"
2022-12-21,"2,040","6,820.66","1,818.50","15,585.0"
2022-12-22,"2,030","6,824.43","1,788.50","15,580.0"
2022-12-23,"2,000","6,800.67","1,797.40","15,590.0"
2022-12-27,"1,990","6,923.03","1,816.30","15,660.0"
2022-12-28,"2,010","6,850.52","1,808.80","15,700.0"
2022-12-29,"2,010","6,860.08","1,826.00","15,655.0"
2022-12-30,"1,985","6,850.62","1,826.20","15,565.0"
2023-01-03,"2,000","6,888.76","1,846.10","15,595.0"
2023-01-04,"2,050","6,813.24","1,859.00","15,585.0"
2023-01-05,"1,965","6,653.84","1,840.60","15,605.0"
2023-01-06,"1,985","6,684.56","1,869.70","15,630.0"
2023-01-09,"2,060","6,688.27","1,877.80","15,565.0"
2023-01-10,"2,040","6,622.50","1,876.50","15,570.0"
2023-01-11,"2,070","6,584.45","1,878.90","15,480.0"
2023-01-12,"2,130","6,629.93","1,898.80","15,336.0"
2023-01-13,"2,150","6,641.83","1,921.70","15,140.0"
2023-01-16,"2,180","6,688.06","1,909.90","15,040.0"
2023-01-17,"2,270","6,767.34","1,909.90","15,160.0"
2023-01-18,"2,260","6,765.79","1,907.00","15,085.0"
2023-01-19,"2,270","6,819.91","1,923.90","15,100.0"
2023-01-20,"2,320","6,874.93","1,928.20","15,070.0"
2023-01-24,"2,320","6,860.85","1,935.40","14,885.0"
2023-01-25,"2,290","6,829.93","1,942.60","14,960.0"
2023-01-26,"2,320","6,864.82","1,930.00","14,945.0"
2023-01-27,"2,300","6,898.98","1,929.40","14,980.0"
2023-01-30,"2,290","6,872.48","1,930.20","14,965.0"
2023-01-31,"2,310","6,839.34","1,936.60","14,985.0"
2023-02-01,"2,370","6,862.26","1,934.30","14,970.0"
2023-02-02,"2,350","6,890.57","1,922.20","14,875.0"
2023-02-03,"2,330","6,911.73","1,868.30","14,890.0"
2023-02-06,"2,270","6,873.79","1,871.20","15,050.0"
2023-02-07,"2,250","6,935.30","1,876.50","15,140.0"
2023-02-08,"2,240","6,940.12","1,882.20","15,095.0"
2023-02-09,"2,220","6,897.37","1,870.00","15,090.0"
2023-02-10,"2,220","6,880.33","1,865.90","15,130.0"
2023-02-13,"2,240","6,900.14","1,855.10","15,190.0"
2023-02-14,"2,210","6,941.85","1,857.00","15,155.0"
2023-02-15,"2,200","6,914.54","1,837.00","15,200.0"
2023-02-16,"2,110","6,895.66","1,843.40","15,153.0"
2023-02-17,"2,090","6,895.71","1,842.00","15,200.0"
2023-02-20,"2,080","6,894.72","1,842.50","15,155.0"
2023-02-21,"2,080","6,873.40","1,834.20","15,185.0"
2023-02-22,"2,050","6,809.97","1,833.30","15,200.0"
2023-02-23,"2,030","6,839.45","1,818.80","15,185.0"
2023-02-24,"2,000","6,856.58","1,809.20","15,220.0"
2023-02-27,"2,010","6,854.78","1,824.90","15,265.0"
2023-02-28,"1,990","6,843.24","1,836.70","15,245.0"
2023-03-01,"2,000","6,844.94","1,845.40","15,230.0"
2023-03-02,"2,010","6,857.42","1,840.50","15,275.0"
2023-03-03,"1,995","6,813.64","1,854.60","15,295.0"
2023-03-06,"1,960","6,807.00","1,854.60","15,290.0"
2023-03-07,"1,940","6,766.76","1,820.00","15,345.0"
2023-03-08,"1,885","6,776.37","1,818.60","15,430.0"
2023-03-09,"1,875","6,799.79","1,834.60","15,420.0"
2023-03-10,"1,880","6,765.30","1,867.20","15,445.0"
2023-03-13,"1,850","6,786.96","1,916.50","15,360.0"
2023-03-14,"1,815","6,641.81","1,910.90","15,380.0"
2023-03-15,"1,855","6,628.14","1,931.30","15,360.0"
2023-03-16,"1,795","6,565.73","1,923.00","15,375.0"
2023-03-17,"1,895","6,678.24","1,973.50","15,340.0"
2023-03-20,"1,900","6,612.49","1,982.80","15,355.0"
2023-03-21,"1,885","6,691.61","1,941.10","15,340.0"
2023-03-24,"1,895","6,762.25","1,983.80","15,150.0"
2023-03-27,"1,960","6,708.93","1,953.80","15,155.0"
2023-03-28,"1,995","6,760.33","1,973.50","15,085.0"
2023-03-29,"2,080","6,839.44","1,966.90","15,060.0"
2023-03-30,"2,090","6,808.95","1,988.50","15,045.0"
2023-03-31,"2,090","6,805.28","1,977.00","14,990.0"
2023-04-03,"2,090","6,827.17","1,991.30","14,965.0"
2023-04-04,"2,050","6,833.18","2,029.40","14,895.0"
2023-04-05,"2,100","6,819.67","2,026.80","14,920.0"
2023-04-06,"2,100","6,792.77","2,017.40","14,910.0"
2023-04-10,"2,020","6,771.23","1,994.80","14,899.0"
2023-04-11,"2,110","6,811.31","2,010.00","14,881.0"
2023-04-12,"2,110","6,798.96","2,015.70","14,875.0"
2023-04-13,"2,130","6,785.60","2,045.80","14,750.0"
2023-04-14,"2,110","6,818.57","2,006.50","14,695.0"
2023-04-17,"2,120","6,787.58","1,997.60","14,785.0"
2023-04-18,"2,100","6,821.81","2,010.30","14,840.0"
2023-04-26,"2,110","6,910.15","1,986.90","14,830.0"
2023-04-27,"2,080","6,945.48","1,999.00","14,700.0"
2023-04-28,"2,100","6,915.72","1,999.10","14,665.0"
2023-05-02,"2,060","6,863.30","2,023.30","14,700.0"
2023-05-03,"2,120","6,812.72","2,037.00","14,680.0"
2023-05-04,"2,130","6,844.03","2,055.70","14,675.0"
2023-05-05,"2,040","6,787.63","2,024.80","14,670.0"
2023-05-08,"2,070","6,769.63","2,033.20","14,695.0"
2023-05-09,"2,110","6,779.98","2,042.90","14,725.0"
2023-05-10,"2,100","6,811.90","2,037.10","14,720.0"
2023-05-11,"2,040","6,755.94","2,020.50","14,720.0"
2023-05-12,"2,000","6,707.76","2,019.80","14,745.0"
2023-05-15,"1,990","6,711.74","2,022.70","14,795.0"
2023-05-16,"1,970","6,676.56","1,993.00","14,815.0"
2023-05-17,"1,935","6,663.11","1,984.90","14,860.0"
2023-05-19,"1,955","6,700.56","1,981.60","14,920.0"
2023-05-22,"1,940","6,729.65","1,977.20","14,885.0"
2023-05-23,"1,945","6,736.68","1,974.50","14,875.0"
2023-05-24,"1,950","6,745.80","1,964.60","14,895.0"
2023-05-25,"1,945","6,704.23","1,943.70","14,945.0"
2023-05-26,"1,920","6,687.00","1,944.30","14,950.0"
2023-05-29,"1,935","6,681.10","1,977.10","14,965.0"
2023-05-30,"1,940","6,636.42","1,968.10","14,980.0"
2023-05-31,"1,895","6,633.26","1,973.10","14,985.0"
2023-06-05,"1,975","6,633.44","1,965.70","14,885.0"
2023-06-06,"2,010","6,618.92","1,972.90","14,855.0"
2023-06-07,"2,020","6,619.75","1,949.90","14,875.0"
2023-06-08,"1,985","6,666.33","1,969.90","14,890.0"
2023-06-09,"1,975","6,694.02","1,968.40","14,835.0"
2023-06-12,"1,995","6,722.37","1,960.90","14,860.0"
2023-06-13,"2,010","6,719.01","1,949.90","14,855.0"
2023-06-14,"2,030","6,699.72","1,960.10","14,895.0"
2023-06-15,"2,040","6,713.79","1,961.80","14,940.0"
2023-06-16,"2,060","6,698.55","1,962.20","14,930.0"
2023-06-19,"2,030","6,686.06","1,947.70","14,990.0"
2023-06-20,"2,020","6,660.46","1,938.90","14,995.0"
2023-06-21,"2,010","6,702.63","1,936.10","14,940.0"
2023-06-22,"2,010","6,652.26","1,915.00","14,935.0"
2023-06-23,"2,010","6,639.73","1,921.00","14,990.0"
2023-06-26,"1,950","6,664.67","1,925.10","15,010.0"
2023-06-27,"1,950","6,661.88","1,915.10","14,990.0"
2023-07-03,"1,965","6,696.72","1,929.50","15,020.0"
2023-07-04,"1,970","6,681.75","1,927.10","14,990.0"
2023-07-05,"1,985","6,718.98","1,927.10","15,010.0"
2023-07-06,"2,020","6,757.33","1,915.40","15,040.0"
2023-07-07,"1,975","6,716.46","1,932.50","15,130.0"
2023-07-10,"1,980","6,731.04","1,931.00","15,190.0"
2023-07-11,"2,000","6,796.92","1,937.10","15,135.0"
2023-07-12,"1,990","6,808.21","1,961.70","15,075.0"
2023-07-13,"1,990","6,810.21","1,963.80","14,965.0"
2023-07-14,"2,000","6,869.57","1,964.40","14,955.0"
2023-07-17,"1,990","6,867.14","1,956.40","15,000.0"
2023-07-18,"1,990","6,830.20","1,980.80","14,990.0"
2023-07-20,"1,990","6,864.19","1,970.90","14,985.0"
2023-07-21,"1,975","6,880.80","1,966.60","15,020.0"
2023-07-24,"1,975","6,899.40","1,962.20","15,020.0"
2023-07-25,"1,975","6,917.71","1,963.70","14,990.0"
2023-07-26,"1,985","6,948.28","1,970.10","15,015.0"
2023-07-27,"1,970","6,896.66","1,945.70","14,995.0"
2023-07-28,"1,960","6,900.23","1,970.10","15,090.0"
2023-07-31,"1,985","6,931.36","1,979.60","15,075.0"
2023-08-01,"2,040","6,886.50","1,949.70","15,110.0"
2023-08-02,"2,010","6,854.51","1,946.00","15,170.0"
2023-08-03,"2,010","6,898.08","1,939.90","15,180.0"
2023-08-04,"2,020","6,852.84","1,946.90","15,165.0"
2023-08-07,"2,040","6,886.37","1,940.70","15,180.0"
2023-08-08,"2,010","6,868.81","1,930.80","15,215.0"
2023-08-09,"2,010","6,875.11","1,921.90","15,190.0"
2023-08-10,"1,990","6,893.28","1,920.10","15,180.0"
2023-08-11,"1,990","6,879.98","1,918.00","15,210.0"
2023-08-14,"2,000","6,910.17","1,915.60","15,310.0"
2023-08-15,"1,990","6,915.10","1,906.90","15,335.0"
2023-08-16,"1,960","6,900.54","1,900.20","15,280.0"
2023-08-18,"1,950","6,859.91","1,888.70","15,280.0"
2023-08-21,"1,950","6,866.03","1,895.70","15,320.0"
2023-08-22,"1,945","6,916.45","1,898.60","15,310.0"
2023-08-23,"1,955","6,921.41","1,920.50","15,290.0"
2023-08-24,"1,995","6,899.39","1,919.10","15,240.0"
2023-08-25,"1,990","6,895.44","1,911.90","15,290.0"
2023-08-28,"1,995","6,921.73","1,918.50","15,285.0"
2023-08-29,"1,995","6,957.83","1,936.40","15,255.0"
2023-08-30,"1,995","6,966.66","1,954.00","15,235.0"
2023-08-31,"1,990","6,953.26","1,947.00","15,225.0"
2023-09-01,"1,955","6,977.65","1,948.40","15,235.0"
2023-09-04,"1,950","6,996.75","1,952.60","15,235.0"
2023-09-05,"1,950","6,991.71","1,934.30","15,260.0"
2023-09-06,"1,945","6,995.95","1,925.80","15,290.0"
2023-09-07,"1,955","6,954.81","1,924.10","15,320.0"
2023-09-08,"1,945","6,924.78","1,924.60","15,320.0"
2023-09-11,"1,955","6,963.39","1,929.20","15,320.0"
2023-09-12,"1,945","6,933.97","1,917.20","15,335.0"
2023-09-13,"1,915","6,935.48","1,914.40","15,365.0"
2023-09-14,"1,900","6,959.33","1,914.40","15,350.0"
2023-09-15,"1,900","6,982.79","1,927.90","15,350.0"
2023-09-18,"1,845","6,936.08","1,935.20","15,365.0"
2023-09-19,"1,840","6,980.32","1,935.30","15,375.0"
2023-09-20,"1,860","7,011.68","1,948.60","15,375.0"
2023-09-21,"1,835","6,991.47","1,921.20","15,370.0"
2023-09-22,"1,850","7,016.84","1,927.20","15,370.0"
2023-09-25,"1,850","6,998.38","1,918.20","15,395.0"
2023-09-26,"1,840","6,923.80","1,901.60","15,485.0"
2023-09-27,"1,820","6,937.83","1,872.30","15,515.0"
2023-09-29,"1,815","6,939.89","1,856.90","15,450.0"
2023-10-02,"1,805","6,961.46","1,838.20","15,525.0"
2023-10-03,"1,765","6,940.89","1,832.60","15,575.0"
2023-10-04,"1,740","6,886.58","1,826.10","15,625.0"
2023-10-05,"1,705","6,874.83","1,823.20","15,610.0"
2023-10-06,"1,715","6,888.52","1,836.70","15,605.0"
2023-10-09,"1,810","6,891.46","1,855.70","15,685.0"
2023-10-10,"1,815","6,922.19","1,866.70","15,730.0"
2023-10-11,"1,815","6,931.75","1,878.40","15,690.0"
2023-10-12,"1,775","6,935.15","1,874.20","15,685.0"
2023-10-13,"1,755","6,926.78","1,932.10","15,680.0"
2023-10-16,"1,805","6,896.29","1,925.10","15,715.0"
2023-10-17,"1,810","6,939.62","1,926.40","15,710.0"
2023-10-18,"1,850","6,927.91","1,958.80","15,725.0"
2023-10-19,"1,815","6,846.43","1,971.20","15,810.0"
2023-10-20,"1,825","6,849.17","1,985.00","15,870.0"
2023-10-23,"1,750","6,741.96","1,978.20","15,930.0"
2023-10-24,"1,765","6,806.76","1,976.80","15,845.0"
2023-10-25,"1,730","6,834.39","1,985.50","15,865.0"
2023-10-26,"1,730","6,714.52","1,987.90","15,915.0"
2023-10-27,"1,725","6,758.79","1,989.00","15,935.0"
2023-10-30,"1,725","6,735.89","2,005.60","15,885.0"
2023-10-31,"1,705","6,752.21","1,994.30","15,880.0"
2023-11-01,"1,650","6,642.42","1,987.50","15,930.0"
2023-11-02,"1,650","6,751.39","1,993.50","15,850.0"
2023-11-03,"1,655","6,788.85","1,999.20","15,725.0"
2023-11-06,"1,700","6,878.84","1,988.60","15,535.0"
2023-11-07,"1,690","6,843.79","1,973.50","15,625.0"
2023-11-08,"1,660","6,804.11","1,957.80","15,645.0"
2023-11-09,"1,655","6,838.23","1,969.80","15,650.0"
2023-11-10,"1,625","6,809.26","1,937.70","15,690.0"
2023-11-13,"1,620","6,838.31","1,950.20","15,695.0"
2023-11-14,"1,620","6,862.06","1,966.50","15,690.0"
2023-11-15,"1,640","6,958.21","1,964.30","15,530.0"
2023-11-16,"1,650","6,958.01","1,987.30","15,540.0"
2023-11-17,"1,635","6,977.67","1,984.70","15,490.0"
2023-11-20,"1,610","6,994.89","1,980.30","15,440.0"
2023-11-21,"1,620","6,961.79","2,001.60","15,435.0"
2023-11-22,"1,605","6,906.95","1,992.80","15,570.0"
2023-11-23,"1,600","7,004.34","2,003.00","15,550.0"
2023-11-24,"1,605","7,009.63","2,003.00","15,560.0"
2023-11-27,"1,620","7,013.41","2,012.40","15,490.0"
2023-11-28,"1,655","7,041.07","2,040.00","15,430.0"
2023-11-29,"1,700","7,036.09","2,057.50","15,390.0"
2023-11-30,"1,740","7,080.74","2,047.60","15,505.0"
2023-12-01,"1,705","7,059.91","2,080.40","15,480.0"
2023-12-04,"1,750","7,093.60","2,032.90","15,450.0"
2023-12-05,"1,745","7,100.85","2,026.90","15,500.0"
2023-12-06,"1,700","7,087.40","2,038.40","15,490.0"
2023-12-07,"1,635","7,134.62","2,036.90","15,510.0"
2023-12-08,"1,685","7,159.60","2,004.90","15,505.0"
2023-12-11,"1,655","7,088.79","1,984.30","15,610.0"
2023-12-12,"1,625","7,125.31","1,983.90","15,615.0"
2023-12-13,"1,595","7,075.34","1,988.10","15,655.0"
2023-12-14,"1,640","7,176.02","2,035.20","15,495.0"
2023-12-15,"1,670","7,190.99","2,026.00","15,490.0"
2023-12-18,"1,665","7,119.52","2,030.90","15,505.0"
2023-12-19,"1,640","7,187.85","2,042.60","15,500.0"
2023-12-20,"1,635","7,219.67","2,038.10","15,505.0"
2023-12-21,"1,635","7,209.62","2,041.80","15,520.0"
2023-12-22,"1,665","7,237.52","2,059.60","15,480.0"
2023-12-27,"1,735","7,245.92","2,083.40","15,425.0"
2023-12-28,"1,715","7,303.89","2,083.50","15,415.0"
2023-12-29,"1,705","7,272.80","2,071.80","15,395.0"
2024-01-02,"1,735","7,323.59","2,073.40","15,465.0"
2024-01-03,"1,700","7,279.09","2,042.80","15,475.0"
2024-01-04,"1,685","7,359.76","2,050.00","15,485.0"
2024-01-05,"1,675","7,350.62","2,049.80","15,510.0"
2024-01-08,"1,650","7,283.58","2,033.50","15,520.0"
2024-01-09,"1,645","7,200.20","2,033.00","15,515.0"
2024-01-10,"1,655","7,227.30","2,027.80","15,565.0"
2024-01-11,"1,635","7,219.96","2,019.20","15,545.0"
2024-01-12,"1,625","7,241.14","2,051.60","15,545.0"
2024-01-15,"1,605","7,224.00","2,030.20","15,550.0"
2024-01-16,"1,605","7,242.79","2,030.20","15,585.0"
2024-01-17,"1,605","7,200.63","2,006.50","15,635.0"
2024-01-18,"1,620","7,252.97","2,021.60","15,615.0"
2024-01-19,"1,645","7,227.40","2,029.30","15,610.0"
2024-01-22,"1,645","7,247.93","2,022.20","15,630.0"
2024-01-23,"1,610","7,256.23","2,025.80","15,625.0"
2024-01-24,"1,535","7,227.82","2,016.00","15,705.0"
2024-01-25,"1,555","7,178.04","2,017.80","15,820.0"
2024-01-26,"1,575","7,137.09","2,017.30","15,815.0"
2024-01-29,"1,565","7,157.17","2,025.40","15,805.0"
2024-01-30,"1,565","7,192.22","2,041.10","15,777.0"
2024-01-31,"1,550","7,207.94","2,057.40","15,775.0"
2024-02-01,"1,535","7,201.70","2,061.20","15,760.0"
2024-02-02,"1,525","7,238.79","2,043.90","15,655.0"
2024-02-05,"1,440","7,198.62","2,032.90","15,700.0"
2024-02-06,"1,425","7,247.41","2,041.50","15,725.0"
2024-02-07,"1,410","7,235.15","2,041.80","15,630.0"
2024-02-12,"1,465","7,297.67","2,023.40","15,590.0"
2024-02-13,"1,545","7,209.74","1,997.70","15,590.0"
2024-02-15,"1,540","7,303.28","2,005.30","15,615.0"
2024-02-16,"1,530","7,335.54","2,014.40","15,615.0"
2024-02-19,"1,515","7,296.70","2,039.80","15,625.0"
2024-02-20,"1,505","7,352.60","2,030.00","15,655.0"
2024-02-21,"1,470","7,349.02","2,024.50","15,630.0"
2024-02-22,"1,500","7,339.64","2,020.80","15,585.0"
2024-02-23,"1,550","7,295.10","2,039.40","15,590.0"
2024-02-26,"1,515","7,283.82","2,029.10","15,625.0"
2024-02-27,"1,480","7,285.32","2,034.40","15,635.0"
2024-02-28,"1,490","7,328.64","2,042.70","15,680.0"
2024-02-29,"1,460","7,316.11","2,054.70","15,710.0"
2024-03-01,"1,480","7,311.91","2,095.70","15,695.0"
2024-03-04,"1,460","7,276.75","2,126.30","15,735.0"
2024-03-05,"1,460","7,247.46","2,141.90","15,765.0"
2024-03-06,"1,525","7,329.80","2,158.20","15,695.0"
2024-03-07,"1,575","7,373.96","2,165.20","15,650.0"
2024-03-08,"1,565","7,381.91","2,185.50","15,585.0"
2024-03-13,"1,620","7,421.21","2,180.80","15,570.0"
2024-03-14,"1,645","7,433.31","2,167.50","15,575.0"
2024-03-15,"1,615","7,328.05","2,161.50","15,590.0"
2024-03-18,"1,655","7,302.45","2,164.30","15,685.0"
2024-03-19,"1,660","7,336.75","2,159.70","15,710.0"
2024-03-20,"1,660","7,331.13","2,161.00","15,710.0"
2024-03-21,"1,700","7,338.35","2,184.70","15,655.0"
2024-03-22,"1,670","7,350.15","2,160.00","15,775.0"
2024-03-25,"1,660","7,377.76","2,176.40","15,795.0"
2024-03-26,"1,665","7,365.66","2,177.20","15,785.0"
2024-03-27,"1,635","7,310.09","2,201.40","15,850.0"
2024-03-28,"1,600","7,288.81","2,227.10","15,850.0"
2024-04-01,"1,580","7,205.06","2,245.90","15,885.0"
2024-04-02,"1,640","7,236.98","2,270.30","15,895.0"
2024-04-03,"1,645","7,166.84","2,303.30","15,915.0"
2024-04-04,"1,660","7,254.40","2,296.90","15,890.0"
2024-04-05,"1,670","7,286.88","2,333.70","15,840.0"
2024-04-16,"1,810","7,164.81","2,395.50","16,170.0"
2024-04-17,"1,795","7,130.84","2,376.20","16,215.0"
2024-04-18,"1,725","7,166.81","2,385.80","16,170.0"
2024-04-19,"1,760","7,087.32","2,401.40","16,250.0"
2024-04-22,"1,770","7,073.82","2,334.60","16,230.0"
2024-04-23,"1,740","7,110.81","2,329.90","16,215.0"
2024-04-24,"1,680","7,174.53","2,326.00","16,150.0"
2024-04-25,"1,590","7,155.29","2,330.30","16,185.0"
2024-04-26,"1,595","7,036.08","2,335.00","16,205.0"
2024-04-29,"1,615","7,155.78","2,357.70","16,250.0"
2024-04-30,"1,640","7,234.20","2,302.90","16,255.0"
2024-05-02,"1,510","7,117.42","2,309.60","16,180.0"
2024-05-03,"1,490","7,134.72","2,308.60","16,080.0"
2024-05-06,"1,515","7,135.89","2,331.20","16,020.0"
2024-05-07,"1,505","7,123.61","2,324.20","16,040.0"
2024-05-08,"1,535","7,088.79","2,322.30","16,040.0"
2024-05-13,"1,525","7,099.26","2,343.00","16,075.0"
2024-05-14,"1,525","7,083.76","2,359.90","16,090.0"
2024-05-15,"1,565","7,179.83","2,394.90","16,025.0"
2024-05-16,"1,565","7,246.70","2,385.50","15,920.0"
2024-05-17,"1,620","7,317.24","2,417.40","15,950.0"
2024-05-20,"1,655","7,266.69","2,438.50","15,970.0"
2024-05-21,"1,565","7,186.04","2,425.90","15,990.0"
2024-05-22,"1,525","7,222.38","2,392.90","15,990.0"
2024-05-27,"1,495","7,176.42","2,356.50","16,060.0"
2024-05-28,"1,515","7,253.63","2,356.50","16,085.0"
2024-05-29,"1,525","7,140.23","2,341.20","16,155.0"
2024-05-30,"1,490","7,034.14","2,354.70","16,255.0"
2024-05-31,"1,465","6,970.74","2,333.90","16,245.0"
2024-06-03,"1,470","7,036.19","2,357.50","16,225.0"
2024-06-04,"1,440","7,099.31","2,335.70","16,215.0"
2024-06-05,"1,340","6,947.67","2,363.60","16,280.0"
2024-06-06,"1,315","6,974.90","2,378.90","16,255.0"
2024-06-07,"1,300","6,897.95","2,313.20","16,190.0"
2024-06-10,"1,240","6,921.55","2,315.10","16,275.0"
2024-06-11,"1,255","6,855.69","2,314.60","16,285.0"
2024-06-12,"1,270","6,850.10","2,342.70","16,290.0"
2024-06-13,"1,255","6,831.56","2,305.90","16,265.0"
2024-06-14,"1,210","6,734.83","2,337.00","16,395.0"
2024-06-19,"1,215","6,726.92","2,343.00","16,360.0"
2024-06-20,"1,215","6,819.32","2,357.00","16,425.0"
2024-06-21,"1,230","6,879.98","2,319.10","16,445.0"
2024-06-24,"1,250","6,889.17","2,332.40","16,390.0"
2024-06-25,"1,225","6,882.70","2,318.40","16,370.0"
2024-06-26,"1,215","6,905.64","2,301.00","16,400.0"
2024-06-27,"1,230","6,967.95","2,336.60","16,395.0"
2024-06-28,"1,250","7,063.58","2,339.60","16,370.0"
2024-07-01,"1,305","7,139.63","2,338.90","16,320.0"
2024-07-02,"1,295","7,125.14","2,333.40","16,390.0"
2024-07-03,"1,315","7,196.75","2,369.40","16,365.0"
2024-07-04,"1,325","7,220.89","2,364.60","16,325.0"
2024-07-05,"1,310","7,253.37","2,397.70","16,275.0"
2024-07-08,"1,365","7,250.98","2,363.50","16,250.0"
2024-07-09,"1,345","7,269.80","2,367.90","16,245.0"
2024-07-10,"1,345","7,287.04","2,379.70","16,235.0"
2024-07-11,"1,360","7,300.41","2,421.90","16,190.0"
2024-07-12,"1,360","7,327.58","2,420.70","16,135.0"
2024-07-15,"1,350","7,278.86","2,428.90","16,165.0"
2024-07-16,"1,340","7,224.29","2,467.80","16,175.0"
2024-07-17,"1,380","7,224.22","2,459.90","16,095.0"
2024-07-18,"1,375","7,321.07","2,456.40","16,150.0"
2024-07-19,"1,350","7,294.50","2,399.10","16,185.0"
2024-07-22,"1,340","7,321.98","2,394.70","16,215.0"
2024-07-23,"1,315","7,313.86","2,407.30","16,205.0"
2024-07-24,"1,310","7,262.76","2,415.70","16,210.0"
2024-07-25,"1,280","7,240.28","2,353.50","16,245.0"
2024-07-26,"1,295","7,288.17","2,381.00","16,285.0"
2024-07-29,"1,310","7,288.90","2,377.80","16,275.0"
2024-07-30,"1,300","7,241.86","2,417.60","16,295.0"
2024-07-31,"1,315","7,255.76","2,438.50","16,255.0"
2024-08-01,"1,345","7,325.98","2,445.90","16,230.0"
2024-08-02,"1,345","7,308.12","2,436.20","16,195.0"
2024-08-05,"1,285","7,059.65","2,411.80","16,180.0"
2024-08-06,"1,295","7,129.21","2,398.90","16,160.0"
2024-08-07,"1,295","7,212.13","2,400.00","16,030.0"
2024-08-08,"1,270","7,195.12","2,430.30","15,890.0"
2024-08-09,"1,285","7,257.00","2,439.80","15,920.0"
2024-08-12,"1,310","7,297.63","2,469.90","15,950.0"
2024-08-13,"1,310","7,356.64","2,473.90","15,830.0"
2024-08-14,"1,305","7,436.04","2,446.20","15,675.0"
2024-08-15,"1,385","7,409.50","2,458.60","15,690.0"
2024-08-16,"1,460","7,432.09","2,503.60","15,685.0"
2024-08-19,"1,470","7,466.83","2,506.80","15,545.0"
2024-08-20,"1,475","7,533.98","2,516.10","15,430.0"
2024-08-21,"1,470","7,554.59","2,512.80","15,480.0"
2024-08-22,"1,440","7,488.68","2,482.10","15,595.0"
2024-08-23,"1,450","7,544.30","2,511.20","15,485.0"
2024-08-26,"1,480","7,606.19","2,520.20","15,425.0"
2024-08-27,"1,470","7,597.88","2,517.70","15,490.0"
2024-08-28,"1,450","7,658.88","2,502.60","15,420.0"
2024-08-29,"1,410","7,627.60","2,536.70","15,410.0"
2024-08-30,"1,390","7,670.73","2,504.50","15,450.0"
2024-09-03,"1,370","7,616.52","2,499.70","15,520.0"
2024-09-04,"1,345","7,672.90","2,502.70","15,470.0"
2024-09-05,"1,345","7,681.04","2,519.70","15,395.0"
2024-09-06,"1,335","7,721.85","2,501.50","15,360.0"
2024-09-09,"1,320","7,702.74","2,509.30","15,450.0"
2024-09-10,"1,320","7,761.39","2,519.50","15,445.0"
2024-09-11,"1,315","7,760.96","2,519.00","15,395.0"
2024-09-12,"1,345","7,798.15","2,557.10","15,425.0"
2024-09-13,"1,335","7,812.13","2,586.80","15,395.0"
2024-09-17,"1,380","7,831.78","2,568.90","15,330.0"
2024-09-18,"1,365","7,829.13","2,574.90","15,330.0"
2024-09-19,"1,375","7,905.39","2,590.90","15,230.0"
2024-09-20,"1,370","7,743.00","2,622.40","15,145.0"
2024-09-23,"1,395","7,775.73","2,628.60","15,195.0"
2024-09-24,"1,410","7,778.49","2,653.00","15,180.0"
2024-09-25,"1,440","7,740.90","2,660.70","15,095.0"
2024-09-26,"1,425","7,744.52","2,670.40","15,160.0"
2024-09-27,"1,470","7,696.92","2,656.50","15,120.0"
2024-09-30,"1,480","7,527.93","2,647.90","15,135.0"
2024-10-01,"1,500","7,642.13","2,678.50","15,195.0"
2024-10-02,"1,535","7,563.26","2,658.10","15,260.0"
2024-10-03,"1,535","7,543.83","2,667.40","15,415.0"
2024-10-04,"1,525","7,496.09","2,656.00","15,480.0"
2024-10-07,"1,545","7,504.13","2,654.00","15,675.0"
2024-10-08,"1,525","7,557.14","2,623.50","15,640.0"
2024-10-09,"1,515","7,501.29","2,614.10","15,615.0"
2024-10-10,"1,535","7,480.08","2,627.40","15,660.0"
2024-10-11,"1,565","7,520.60","2,664.40","15,575.0"
2024-10-14,"1,630","7,559.65","2,653.70","15,555.0"
2024-10-15,"1,600","7,626.95","2,667.00","15,575.0"
2024-10-16,"1,570","7,648.94","2,679.30","15,505.0"
2024-10-17,"1,620","7,735.04","2,695.50","15,490.0"
2024-10-18,"1,625","7,760.06","2,718.00","15,460.0"
2024-10-21,"1,690","7,772.60","2,726.80","15,490.0"
2024-10-22,"1,670","7,788.98","2,747.40","15,555.0"
2024-10-23,"1,650","7,787.56","2,717.10","15,615.0"
2024-10-24,"1,620","7,716.55","2,736.50","15,575.0"
2024-10-25,"1,585","7,694.66","2,742.20","15,635.0"
2024-10-28,"1,610","7,634.63","2,743.60","15,720.0"
2024-10-29,"1,615","7,606.60","2,768.80","15,755.0"
2024-10-30,"1,630","7,569.85","2,800.80","15,690.0"
2024-10-31,"1,600","7,574.02","2,749.30","15,690.0"
2024-11-01,"1,520","7,505.26","2,749.20","15,715.0"
2024-11-04,"1,525","7,479.50","2,746.20","15,750.0"
2024-11-05,"1,575","7,491.93","2,749.70","15,730.0"
2024-11-06,"1,540","7,383.87","2,676.30","15,825.0"
2024-11-07,"1,575","7,243.86","2,705.80","15,730.0"
2024-11-08,"1,585","7,287.19","2,694.80","15,665.0"
2024-11-11,"1,530","7,266.46","2,617.70","15,675.0"
2024-11-12,"1,565","7,321.99","2,606.30","15,775.0"
2024-11-13,"1,500","7,308.67","2,586.50","15,770.0"
2024-11-14,"1,480","7,214.56","2,572.90","15,850.0"
2024-11-15,"1,400","7,161.26","2,570.10","15,850.0"
2024-11-18,"1,395","7,134.28","2,614.60","15,845.0"
2024-11-19,"1,475","7,195.71","2,631.00","15,825.0"
2024-11-20,"1,470","7,180.33","2,651.70","15,860.0"
2024-11-21,"1,490","7,140.91","2,674.90","15,920.0"
2024-11-22,"1,450","7,195.56","2,712.20","15,870.0"
2024-11-25,"1,485","7,314.11","2,618.50","15,865.0"
2024-11-26,"1,450","7,245.89","2,621.30","15,925.0"
2024-11-29,"1,430","7,114.27","2,669.00","15,840.0"
2024-12-02,"1,410","7,046.99","2,646.50","15,895.0"
2024-12-03,"1,450","7,196.02","2,655.90","15,935.0"
2024-12-04,"1,465","7,326.76","2,664.30","15,925.0"
2024-12-05,"1,490","7,313.31","2,636.10","15,855.0"
2024-12-06,"1,485","7,382.79","2,647.10","15,845.0"
2024-12-09,"1,490","7,437.73","2,673.30","15,860.0"
2024-12-10,"1,625","7,453.29","2,705.60","15,860.0"
2024-12-11,"1,600","7,464.75","2,741.50","15,910.0"
2024-12-12,"1,615","7,394.24","2,695.10","15,920.0"
2024-12-13,"1,585","7,324.79","2,662.40","15,990.0"
2024-12-16,"1,560","7,258.63","2,657.00","15,995.0"
2024-12-17,"1,510","7,157.73","2,649.60","16,060.0"
2024-12-18,"1,515","7,107.88","2,640.80","16,085.0"
2024-12-19,"1,470","6,977.24","2,596.00","16,285.0"
2024-12-20,"1,420","6,983.87","2,632.50","16,190.0"
2024-12-23,"1,455","7,096.44","2,615.50","16,170.0"
2024-12-24,"1,435","7,065.75","2,622.80","16,185.0"
2024-12-27,"1,525","7,036.57","2,618.40","16,230.0"
2024-12-30,"1,525","7,079.90","2,618.10","16,130.0"
