"Date","Price","Open","High","Low","Vol.","Change %"
"06/03/2025","3,360","3,370","3,390","3,260","278.46M","1.20%"
"06/02/2025","3,320","3,170","3,330","3,160","324.00M","6.75%"
"05/28/2025","3,110","3,030","3,220","3,030","285.39M","2.64%"
"05/27/2025","3,030","3,110","3,120","3,010","193.42M","-2.57%"
"05/26/2025","3,110","3,170","3,280","3,030","305.57M","-0.64%"
"05/23/2025","3,130","2,980","3,130","2,970","271.78M","5.74%"
"05/22/2025","2,960","2,990","3,080","2,930","367.75M","1.72%"
"05/21/2025","2,910","2,780","2,920","2,770","329.77M","6.59%"
"05/20/2025","2,730","2,720","2,740","2,660","163.23M","0.37%"
"05/19/2025","2,720","2,670","2,730","2,640","210.29M","3.03%"
"05/16/2025","2,640","2,660","2,670","2,600","174.86M","3.53%"
"05/15/2025","2,550","2,530","2,660","2,500","332.82M","0.00%"
"05/14/2025","2,550","2,620","2,630","2,460","356.24M","-4.85%"
"05/09/2025","2,680","2,600","2,690","2,590","218.19M","2.68%"
"05/08/2025","2,610","2,780","2,860","2,600","522.45M","-5.09%"
"05/07/2025","2,750","2,560","2,780","2,550","617.63M","8.27%"
"05/06/2025","2,540","2,360","2,540","2,360","333.20M","9.48%"
"05/05/2025","2,320","2,280","2,340","2,270","152.62M","1.31%"
"05/02/2025","2,290","2,270","2,340","2,240","357.92M","5.53%"
"04/30/2025","2,170","2,190","2,300","2,160","320.16M","-0.46%"
"04/29/2025","2,180","2,150","2,180","2,140","162.28M","2.35%"
"04/28/2025","2,130","2,140","2,160","2,090","145.27M","-0.47%"
"04/25/2025","2,140","2,180","2,190","2,120","151.60M","-0.47%"
"04/24/2025","2,150","2,110","2,150","2,090","252.03M","3.86%"
"04/23/2025","2,070","2,160","2,160","2,030","297.13M","-5.48%"
"04/22/2025","2,190","2,130","2,210","2,130","360.81M","4.78%"
"04/21/2025","2,090","1,980","2,090","1,965","319.93M","7.46%"
"04/17/2025","1,945","1,950","1,970","1,925","208.48M","1.04%"
"04/16/2025","1,925","1,910","1,940","1,860","255.87M","3.49%"
"04/15/2025","1,860","1,865","1,960","1,820","300.21M","1.64%"
"04/14/2025","1,830","1,740","1,850","1,740","190.56M","8.28%"
"04/11/2025","1,690","1,660","1,745","1,650","187.90M","3.68%"
"04/10/2025","1,630","1,575","1,680","1,575","175.84M","10.51%"
"04/09/2025","1,475","1,415","1,580","1,415","160.02M","5.36%"
"04/08/2025","1,400","1,450","1,480","1,390","133.96M","-14.37%"
"03/27/2025","1,635","1,650","1,650","1,610","32.28M","-0.91%"
"03/26/2025","1,650","1,620","1,660","1,615","39.60M","3.13%"
"03/25/2025","1,600","1,595","1,615","1,555","24.57M","0.63%"
"03/24/2025","1,590","1,585","1,620","1,535","47.00M","0.32%"
"03/21/2025","1,585","1,645","1,650","1,580","40.95M","-3.65%"
"03/20/2025","1,645","1,660","1,685","1,640","59.82M","-0.90%"
"03/19/2025","1,660","1,640","1,670","1,620","60.53M","1.53%"
"03/18/2025","1,635","1,660","1,670","1,545","72.95M","-1.21%"
"03/17/2025","1,655","1,620","1,690","1,615","101.97M","4.09%"
"03/14/2025","1,590","1,560","1,615","1,560","64.29M","3.58%"
"03/13/2025","1,535","1,550","1,570","1,520","47.35M","-0.65%"
"03/12/2025","1,545","1,545","1,585","1,530","66.40M","1.64%"
"03/11/2025","1,520","1,490","1,525","1,465","39.76M","2.01%"
"03/10/2025","1,490","1,600","1,610","1,475","102.65M","-8.59%"
"03/07/2025","1,630","1,625","1,655","1,615","36.73M","0.31%"
"03/06/2025","1,625","1,620","1,645","1,615","34.28M","0.31%"
"03/05/2025","1,620","1,545","1,630","1,545","64.90M","5.19%"
"03/04/2025","1,540","1,595","1,615","1,530","45.57M","-2.84%"
"03/03/2025","1,585","1,580","1,610","1,555","88.39M","0.00%"
"02/28/2025","1,585","1,615","1,615","1,505","88.55M","-2.46%"
"02/27/2025","1,625","1,630","1,650","1,610","44.54M","-0.31%"
"02/26/2025","1,630","1,635","1,640","1,605","51.47M","-0.31%"
"02/25/2025","1,635","1,650","1,665","1,600","60.92M","-0.30%"
"02/24/2025","1,640","1,630","1,675","1,630","52.46M","1.23%"
"02/21/2025","1,620","1,685","1,685","1,620","75.34M","-3.86%"
"02/20/2025","1,685","1,575","1,690","1,570","167.23M","6.98%"
"02/19/2025","1,575","1,565","1,595","1,560","64.35M","1.61%"
"02/18/2025","1,550","1,555","1,570","1,535","33.93M","-0.32%"
"02/17/2025","1,555","1,530","1,560","1,515","67.71M","1.63%"
"02/14/2025","1,530","1,475","1,535","1,475","121.04M","4.08%"
"02/13/2025","1,470","1,395","1,470","1,395","90.55M","5.38%"
"02/12/2025","1,395","1,405","1,405","1,380","33.27M","-0.36%"
"02/11/2025","1,400","1,405","1,420","1,380","52.51M","1.08%"
"02/10/2025","1,385","1,435","1,435","1,380","40.97M","-3.15%"
"02/07/2025","1,430","1,400","1,435","1,365","54.10M","2.14%"
"02/06/2025","1,400","1,450","1,455","1,385","60.11M","-3.45%"
"02/05/2025","1,450","1,410","1,450","1,395","87.36M","3.57%"
"02/04/2025","1,400","1,395","1,420","1,395","67.72M","1.45%"
"02/03/2025","1,380","1,395","1,405","1,355","49.11M","-0.72%"
"01/31/2025","1,390","1,405","1,420","1,385","61.88M","-0.36%"
"01/30/2025","1,395","1,490","1,490","1,385","92.86M","-6.38%"
"01/24/2025","1,490","1,490","1,505","1,475","19.56M","0.00%"
"01/23/2025","1,490","1,525","1,525","1,480","30.84M","-1.97%"
"01/22/2025","1,520","1,515","1,540","1,510","23.64M","0.66%"
"01/21/2025","1,510","1,510","1,525","1,500","22.00M","0.00%"
"01/20/2025","1,510","1,515","1,535","1,500","19.48M","-0.66%"
"01/17/2025","1,520","1,530","1,540","1,505","14.49M","0.00%"
"01/16/2025","1,520","1,535","1,550","1,510","32.75M","-0.65%"
"01/15/2025","1,530","1,520","1,530","1,505","28.12M","0.66%"
"01/14/2025","1,520","1,480","1,535","1,465","59.98M","2.70%"
"01/13/2025","1,480","1,475","1,495","1,455","40.84M","1.02%"
"01/10/2025","1,465","1,425","1,480","1,425","43.73M","3.17%"
"01/09/2025","1,420","1,435","1,440","1,410","30.95M","-0.70%"
"01/08/2025","1,430","1,445","1,465","1,425","34.41M","-0.35%"
"01/07/2025","1,435","1,470","1,480","1,430","36.01M","-2.05%"
"01/06/2025","1,465","1,525","1,540","1,460","28.17M","-3.62%"
"01/03/2025","1,520","1,560","1,560","1,520","18.20M","-1.62%"
"01/02/2025","1,545","1,530","1,560","1,520","33.51M","1.31%"
"12/30/2024","1,525","1,525","1,545","1,490","42.24M","0.00%"
"12/27/2024","1,525","1,440","1,535","1,440","51.04M","6.27%"
"12/24/2024","1,435","1,460","1,465","1,435","19.52M","-1.37%"
"12/23/2024","1,455","1,425","1,455","1,425","31.96M","2.46%"
"12/20/2024","1,420","1,465","1,475","1,420","31.47M","-3.40%"
"12/19/2024","1,470","1,495","1,495","1,445","40.89M","-2.97%"
"12/18/2024","1,515","1,510","1,535","1,495","25.84M","0.33%"
"12/17/2024","1,510","1,565","1,565","1,500","45.85M","-3.21%"
"12/16/2024","1,560","1,570","1,585","1,545","28.44M","-1.58%"
"12/13/2024","1,585","1,615","1,615","1,575","42.79M","-1.86%"
"12/12/2024","1,615","1,605","1,635","1,585","62.21M","0.94%"
"12/11/2024","1,600","1,625","1,655","1,580","72.95M","-1.54%"
"12/10/2024","1,625","1,500","1,630","1,500","158.16M","9.06%"
"12/09/2024","1,490","1,485","1,510","1,480","42.62M","0.34%"
"12/06/2024","1,485","1,490","1,495","1,465","33.50M","-0.34%"
"12/05/2024","1,490","1,470","1,495","1,450","57.65M","1.71%"
"12/04/2024","1,465","1,445","1,470","1,440","46.07M","1.03%"
"12/03/2024","1,450","1,410","1,470","1,410","61.19M","2.84%"
"12/02/2024","1,410","1,410","1,435","1,410","28.64M","-1.40%"
"11/29/2024","1,430","1,420","1,445","1,395","44.70M","0.70%"
"11/28/2024","1,420","1,455","1,475","1,420","30.73M","-2.07%"
"11/26/2024","1,450","1,485","1,485","1,445","30.28M","-2.36%"
"11/25/2024","1,485","1,460","1,485","1,435","68.02M","2.41%"
"11/22/2024","1,450","1,495","1,495","1,450","33.20M","-2.68%"
"11/21/2024","1,490","1,475","1,500","1,465","47.25M","1.36%"
"11/20/2024","1,470","1,490","1,510","1,460","63.72M","-0.34%"
"11/19/2024","1,475","1,410","1,485","1,410","82.97M","5.73%"
"11/18/2024","1,395","1,405","1,425","1,395","33.93M","-0.36%"
"11/15/2024","1,400","1,470","1,480","1,385","99.87M","-5.41%"
"11/14/2024","1,480","1,500","1,500","1,455","63.86M","-1.33%"
"11/13/2024","1,500","1,560","1,560","1,495","52.01M","-4.15%"
"11/12/2024","1,565","1,510","1,565","1,510","50.90M","2.29%"
"11/11/2024","1,530","1,580","1,580","1,515","49.02M","-3.47%"
"11/08/2024","1,585","1,595","1,610","1,565","61.17M","0.63%"
"11/07/2024","1,575","1,520","1,580","1,480","119.23M","2.27%"
"11/06/2024","1,540","1,575","1,590","1,530","70.41M","-2.22%"
"11/05/2024","1,575","1,525","1,575","1,525","113.17M","3.28%"
"11/04/2024","1,525","1,520","1,560","1,480","90.82M","0.33%"
"11/01/2024","1,520","1,590","1,590","1,515","86.56M","-5.00%"
"10/31/2024","1,600","1,605","1,605","1,540","219.90M","-1.84%"
"10/30/2024","1,630","1,620","1,650","1,610","114.89M","0.93%"
"10/29/2024","1,615","1,620","1,625","1,595","50.33M","0.31%"
"10/28/2024","1,610","1,590","1,640","1,590","75.46M","1.58%"
"10/25/2024","1,585","1,620","1,655","1,585","84.33M","-2.16%"
"10/24/2024","1,620","1,640","1,650","1,620","55.96M","-1.82%"
"10/23/2024","1,650","1,680","1,685","1,640","66.12M","-1.20%"
"10/22/2024","1,670","1,695","1,700","1,660","87.54M","-1.18%"
"10/21/2024","1,690","1,645","1,765","1,640","243.38M","4.00%"
"10/18/2024","1,625","1,630","1,635","1,605","83.02M","0.31%"
"10/17/2024","1,620","1,585","1,625","1,570","103.81M","3.18%"
"10/16/2024","1,570","1,600","1,600","1,570","89.20M","-1.88%"
"10/15/2024","1,600","1,630","1,630","1,590","131.95M","-1.84%"
"10/14/2024","1,630","1,575","1,640","1,565","173.55M","4.15%"
"10/11/2024","1,565","1,545","1,565","1,535","86.32M","1.95%"
"10/10/2024","1,535","1,515","1,540","1,515","59.20M","1.32%"
"10/09/2024","1,515","1,515","1,525","1,490","73.80M","-0.66%"
"10/08/2024","1,525","1,545","1,575","1,505","137.21M","-1.29%"
"10/07/2024","1,545","1,530","1,555","1,525","85.64M","1.31%"
"10/04/2024","1,525","1,535","1,545","1,500","75.68M","-0.65%"
"10/03/2024","1,535","1,550","1,590","1,535","199.01M","0.00%"
"10/02/2024","1,535","1,510","1,570","1,480","254.46M","2.33%"
"10/01/2024","1,500","1,490","1,510","1,480","123.53M","1.35%"
"09/30/2024","1,480","1,480","1,490","1,435","131.93M","0.68%"
"09/27/2024","1,470","1,430","1,480","1,425","146.33M","3.16%"
"09/26/2024","1,425","1,450","1,450","1,415","119.74M","-1.04%"
"09/25/2024","1,440","1,420","1,445","1,405","213.53M","2.13%"
"09/24/2024","1,410","1,400","1,410","1,385","99.82M","1.08%"
"09/23/2024","1,395","1,380","1,410","1,380","124.95M","1.82%"
"09/20/2024","1,370","1,380","1,385","1,365","66.85M","-0.36%"
"09/19/2024","1,375","1,365","1,380","1,360","64.13M","0.73%"
"09/18/2024","1,365","1,380","1,380","1,365","54.06M","-1.09%"
"09/17/2024","1,380","1,350","1,390","1,345","153.08M","3.37%"
"09/13/2024","1,335","1,365","1,370","1,330","101.55M","-0.74%"
"09/12/2024","1,345","1,325","1,360","1,315","104.51M","2.28%"
"09/11/2024","1,315","1,320","1,345","1,315","95.72M","-0.38%"
"09/10/2024","1,320","1,320","1,335","1,305","61.47M","0.00%"
"09/09/2024","1,320","1,335","1,340","1,305","92.57M","-1.12%"
"09/06/2024","1,335","1,345","1,360","1,330","77.35M","-0.74%"
"09/05/2024","1,345","1,350","1,370","1,330","106.25M","0.00%"
"09/04/2024","1,345","1,350","1,370","1,340","98.87M","-1.82%"
"09/03/2024","1,370","1,400","1,405","1,365","87.62M","-1.79%"
"09/02/2024","1,395","1,400","1,415","1,385","116.94M","0.36%"
"08/30/2024","1,390","1,415","1,420","1,390","764.07M","-1.42%"
"08/29/2024","1,410","1,450","1,455","1,400","111.06M","-2.76%"
"08/28/2024","1,450","1,480","1,485","1,450","41.28M","-1.36%"
"08/27/2024","1,470","1,480","1,485","1,450","37.69M","-0.68%"
"08/26/2024","1,480","1,460","1,480","1,450","75.02M","2.07%"
"08/23/2024","1,450","1,445","1,465","1,445","45.81M","0.69%"
"08/22/2024","1,440","1,470","1,475","1,430","73.63M","-2.04%"
"08/21/2024","1,470","1,485","1,525","1,465","133.23M","-0.34%"
"08/20/2024","1,475","1,480","1,495","1,455","88.43M","0.34%"
"08/19/2024","1,470","1,475","1,510","1,460","179.60M","0.68%"
"08/16/2024","1,460","1,405","1,510","1,400","377.54M","5.42%"
"08/15/2024","1,385","1,310","1,390","1,305","177.04M","6.13%"
"08/14/2024","1,305","1,310","1,320","1,290","46.92M","-0.38%"
"08/13/2024","1,310","1,320","1,330","1,280","109.94M","0.00%"
"08/12/2024","1,310","1,290","1,310","1,290","38.05M","1.95%"
"08/09/2024","1,285","1,285","1,300","1,280","26.31M","1.18%"
"08/08/2024","1,270","1,295","1,300","1,270","46.87M","-1.93%"
"08/07/2024","1,295","1,295","1,315","1,295","20.66M","0.00%"
"08/06/2024","1,295","1,290","1,305","1,280","27.91M","0.78%"
"08/05/2024","1,285","1,330","1,330","1,265","65.32M","-4.46%"
"08/02/2024","1,345","1,335","1,350","1,320","32.24M","0.00%"
"08/01/2024","1,345","1,340","1,355","1,325","54.53M","2.28%"
"07/31/2024","1,315","1,310","1,325","1,305","34.84M","1.15%"
"07/30/2024","1,300","1,320","1,330","1,300","30.80M","-0.76%"
"07/29/2024","1,310","1,325","1,350","1,310","62.52M","1.16%"
"07/26/2024","1,295","1,285","1,300","1,280","33.79M","1.17%"
"07/25/2024","1,280","1,305","1,310","1,275","44.79M","-2.29%"
"07/24/2024","1,310","1,315","1,325","1,305","28.21M","-0.38%"
"07/23/2024","1,315","1,340","1,350","1,305","48.95M","-1.87%"
"07/22/2024","1,340","1,350","1,360","1,330","35.89M","-0.74%"
"07/19/2024","1,350","1,375","1,380","1,330","60.21M","-1.82%"
"07/18/2024","1,375","1,395","1,405","1,375","53.94M","-0.36%"
"07/17/2024","1,380","1,360","1,395","1,355","65.08M","2.99%"
"07/16/2024","1,340","1,350","1,365","1,335","30.32M","-0.74%"
"07/15/2024","1,350","1,360","1,370","1,330","27.71M","-0.74%"
"07/12/2024","1,360","1,365","1,380","1,350","38.78M","0.00%"
"07/11/2024","1,360","1,345","1,365","1,320","36.63M","1.12%"
"07/10/2024","1,345","1,350","1,365","1,345","25.81M","0.00%"
"07/09/2024","1,345","1,365","1,375","1,340","39.83M","-1.47%"
"07/08/2024","1,365","1,315","1,365","1,315","61.09M","4.20%"
"07/05/2024","1,310","1,325","1,330","1,305","21.98M","-1.13%"
"07/04/2024","1,325","1,325","1,335","1,320","46.07M","0.76%"
"07/03/2024","1,315","1,295","1,315","1,280","40.06M","1.54%"
"07/02/2024","1,295","1,310","1,315","1,280","58.44M","-0.77%"
"07/01/2024","1,305","1,255","1,305","1,250","69.30M","4.40%"
"06/28/2024","1,250","1,235","1,265","1,230","54.96M","1.63%"
"06/27/2024","1,230","1,200","1,230","1,200","24.22M","1.23%"
"06/26/2024","1,215","1,230","1,235","1,210","29.66M","-0.82%"
"06/25/2024","1,225","1,255","1,260","1,220","29.65M","-2.00%"
"06/24/2024","1,250","1,235","1,260","1,235","22.56M","1.63%"
"06/21/2024","1,230","1,220","1,255","1,220","56.22M","1.23%"
"06/20/2024","1,215","1,215","1,225","1,200","33.48M","0.00%"
"06/19/2024","1,215","1,215","1,225","1,175","36.74M","0.41%"
"06/14/2024","1,210","1,255","1,260","1,205","48.92M","-3.59%"
"06/13/2024","1,255","1,270","1,285","1,255","40.67M","-1.18%"
"06/12/2024","1,270","1,255","1,270","1,240","35.96M","1.20%"
"06/11/2024","1,255","1,240","1,280","1,240","64.08M","1.21%"
"06/10/2024","1,240","1,290","1,300","1,215","98.03M","-4.62%"
"06/07/2024","1,300","1,320","1,350","1,300","77.51M","-1.14%"
"06/06/2024","1,315","1,345","1,380","1,305","73.53M","-1.87%"
"06/05/2024","1,340","1,440","1,445","1,340","111.83M","-6.94%"
"06/04/2024","1,440","1,470","1,485","1,435","60.29M","-2.04%"
"06/03/2024","1,470","1,465","1,490","1,465","29.62M","0.34%"
"05/31/2024","1,465","1,490","1,510","1,465","81.51M","-1.68%"
"05/30/2024","1,490","1,525","1,525","1,490","38.24M","-2.30%"
"05/29/2024","1,525","1,525","1,540","1,505","27.08M","0.66%"
"05/28/2024","1,515","1,500","1,535","1,500","33.68M","1.34%"
"05/27/2024","1,495","1,525","1,535","1,490","34.51M","-1.97%"
"05/22/2024","1,525","1,565","1,580","1,520","42.18M","-2.56%"
"05/21/2024","1,565","1,545","1,595","1,540","59.24M","-5.44%"
"05/20/2024","1,655","1,645","1,670","1,645","113.54M","2.16%"
"05/17/2024","1,620","1,585","1,635","1,585","88.08M","3.51%"
"05/16/2024","1,565","1,585","1,590","1,560","52.89M","0.00%"
"05/15/2024","1,565","1,535","1,575","1,535","51.25M","2.62%"
"05/14/2024","1,525","1,520","1,545","1,515","31.68M","0.00%"
"05/13/2024","1,525","1,540","1,550","1,515","36.49M","-0.65%"
"05/08/2024","1,535","1,505","1,575","1,480","109.11M","1.99%"
"05/07/2024","1,505","1,530","1,540","1,500","40.34M","-0.66%"
"05/06/2024","1,515","1,505","1,530","1,490","41.69M","1.68%"
"05/03/2024","1,490","1,515","1,535","1,475","70.35M","-1.32%"
"05/02/2024","1,510","1,605","1,610","1,510","100.92M","-7.93%"
"04/30/2024","1,640","1,625","1,640","1,600","42.75M","1.55%"
"04/29/2024","1,615","1,600","1,620","1,570","44.76M","1.25%"
"04/26/2024","1,595","1,600","1,615","1,575","45.11M","0.31%"
"04/25/2024","1,590","1,680","1,695","1,585","77.80M","-5.36%"
"04/24/2024","1,680","1,745","1,750","1,680","42.66M","-3.45%"
"04/23/2024","1,740","1,770","1,775","1,730","53.47M","-1.69%"
"04/22/2024","1,770","1,780","1,800","1,760","70.46M","0.57%"
"04/19/2024","1,760","1,765","1,770","1,725","86.89M","2.03%"
"04/18/2024","1,725","1,800","1,815","1,710","105.26M","-3.90%"
"04/17/2024","1,795","1,815","1,845","1,775","97.31M","-0.83%"
"04/16/2024","1,810","1,685","1,810","1,680","201.07M","8.38%"
"04/05/2024","1,670","1,665","1,675","1,645","35.35M","0.60%"
"04/04/2024","1,660","1,660","1,675","1,650","47.64M","0.91%"
"04/03/2024","1,645","1,650","1,660","1,630","55.40M","0.30%"
"04/02/2024","1,640","1,580","1,640","1,575","46.41M","3.80%"
"04/01/2024","1,580","1,615","1,635","1,545","61.27M","-1.25%"
"03/28/2024","1,600","1,640","1,655","1,580","62.69M","-2.14%"
"03/27/2024","1,635","1,665","1,675","1,625","34.51M","-1.80%"
"03/26/2024","1,665","1,660","1,675","1,650","35.07M","0.30%"
"03/25/2024","1,660","1,670","1,685","1,650","51.28M","-0.60%"
"03/22/2024","1,670","1,700","1,700","1,660","46.31M","-1.76%"
"03/21/2024","1,700","1,685","1,720","1,680","85.48M","2.41%"
"03/20/2024","1,660","1,660","1,670","1,645","38.43M","0.00%"
"03/19/2024","1,660","1,665","1,690","1,660","49.27M","0.30%"
"03/18/2024","1,655","1,615","1,675","1,605","66.60M","2.48%"
"03/15/2024","1,615","1,645","1,645","1,610","51.84M","-1.82%"
"03/14/2024","1,645","1,630","1,645","1,610","69.01M","1.54%"
"03/13/2024","1,620","1,575","1,635","1,575","116.31M","3.51%"
"03/08/2024","1,565","1,595","1,600","1,550","52.66M","-0.63%"
"03/07/2024","1,575","1,535","1,580","1,535","84.82M","3.28%"
"03/06/2024","1,525","1,465","1,540","1,465","81.20M","4.45%"
"03/05/2024","1,460","1,470","1,485","1,460","37.55M","0.00%"
"03/04/2024","1,460","1,495","1,500","1,460","31.71M","-1.35%"
"03/01/2024","1,480","1,465","1,490","1,465","27.75M","1.37%"
"02/29/2024","1,460","1,495","1,505","1,460","48.51M","-2.01%"
"02/28/2024","1,490","1,490","1,500","1,470","23.37M","0.68%"
"02/27/2024","1,480","1,515","1,515","1,470","45.78M","-2.31%"
"02/26/2024","1,515","1,555","1,565","1,510","28.49M","-2.26%"
"02/23/2024","1,550","1,525","1,550","1,505","58.96M","3.33%"
"02/22/2024","1,500","1,480","1,520","1,480","46.95M","2.04%"
"02/21/2024","1,470","1,505","1,515","1,455","49.75M","-2.33%"
"02/20/2024","1,505","1,515","1,525","1,505","29.69M","-0.66%"
"02/19/2024","1,515","1,545","1,545","1,505","25.25M","-0.98%"
"02/16/2024","1,530","1,545","1,560","1,530","27.13M","-0.65%"
"02/15/2024","1,540","1,570","1,580","1,535","62.45M","-0.32%"
"02/13/2024","1,545","1,515","1,580","1,485","140.45M","5.46%"
"02/12/2024","1,465","1,415","1,470","1,415","41.95M","3.90%"
"02/07/2024","1,410","1,430","1,440","1,405","52.16M","-1.05%"
"02/06/2024","1,425","1,445","1,470","1,410","59.46M","-1.04%"
"02/05/2024","1,440","1,525","1,540","1,440","109.75M","-5.57%"
"02/02/2024","1,525","1,535","1,550","1,525","46.16M","-0.65%"
"02/01/2024","1,535","1,550","1,570","1,535","21.24M","-0.97%"
"01/31/2024","1,550","1,565","1,585","1,550","23.37M","-0.96%"
"01/30/2024","1,565","1,565","1,570","1,560","21.90M","0.00%"
"01/29/2024","1,565","1,575","1,595","1,550","25.07M","-0.63%"
"01/26/2024","1,575","1,560","1,580","1,555","36.60M","1.29%"
"01/25/2024","1,555","1,535","1,590","1,535","53.17M","1.30%"
"01/24/2024","1,535","1,610","1,620","1,525","100.91M","-4.66%"
"01/23/2024","1,610","1,645","1,650","1,605","45.77M","-2.13%"
"01/22/2024","1,645","1,645","1,665","1,640","40.06M","0.00%"
"01/19/2024","1,645","1,670","1,705","1,640","138.28M","1.54%"
"01/18/2024","1,620","1,605","1,635","1,600","42.79M","0.93%"
"01/17/2024","1,605","1,620","1,620","1,600","22.34M","0.00%"
"01/16/2024","1,605","1,610","1,625","1,600","28.69M","0.00%"
"01/15/2024","1,605","1,630","1,640","1,605","41.09M","-1.23%"
"01/12/2024","1,625","1,635","1,645","1,620","37.63M","-0.61%"
"01/11/2024","1,635","1,660","1,670","1,635","28.45M","-1.21%"
"01/10/2024","1,655","1,650","1,670","1,635","23.26M","0.61%"
"01/09/2024","1,645","1,650","1,670","1,630","35.56M","-0.30%"
"01/08/2024","1,650","1,680","1,710","1,650","38.88M","-1.49%"
"01/05/2024","1,675","1,690","1,695","1,675","27.72M","-0.59%"
"01/04/2024","1,685","1,700","1,725","1,680","53.51M","-0.88%"
"01/03/2024","1,700","1,735","1,735","1,700","37.30M","-2.02%"
"01/02/2024","1,735","1,715","1,735","1,710","24.72M","1.76%"
"12/29/2023","1,705","1,720","1,785","1,705","83.60M","-0.58%"
"12/28/2023","1,715","1,750","1,800","1,705","115.72M","-1.15%"
"12/27/2023","1,735","1,675","1,745","1,675","88.95M","4.20%"
"12/22/2023","1,665","1,640","1,665","1,640","24.42M","1.83%"
"12/21/2023","1,635","1,635","1,645","1,625","14.97M","0.00%"
"12/20/2023","1,635","1,640","1,665","1,635","33.52M","-0.30%"
"12/19/2023","1,640","1,650","1,650","1,625","12.65M","-1.50%"
"12/18/2023","1,665","1,670","1,675","1,620","34.08M","-0.30%"
"12/15/2023","1,670","1,650","1,670","1,640","34.44M","1.83%"
"12/14/2023","1,640","1,625","1,650","1,625","45.42M","2.82%"
"12/13/2023","1,595","1,625","1,625","1,590","33.26M","-1.85%"
"12/12/2023","1,625","1,655","1,655","1,610","29.87M","-1.81%"
"12/11/2023","1,655","1,675","1,675","1,640","29.21M","-1.78%"
"12/08/2023","1,685","1,650","1,690","1,645","41.34M","3.06%"
"12/07/2023","1,635","1,700","1,705","1,635","50.45M","-3.82%"
"12/06/2023","1,700","1,740","1,740","1,700","38.30M","-2.58%"
"12/05/2023","1,745","1,745","1,745","1,720","36.71M","-0.29%"
"12/04/2023","1,750","1,740","1,810","1,735","108.77M","2.64%"
"12/01/2023","1,705","1,710","1,725","1,695","41.22M","-2.01%"
"11/30/2023","1,740","1,705","1,740","1,675","75.64M","2.35%"
"11/29/2023","1,700","1,680","1,735","1,680","89.76M","2.72%"
"11/28/2023","1,655","1,630","1,670","1,620","42.65M","2.16%"
"11/27/2023","1,620","1,610","1,625","1,610","23.28M","0.93%"
"11/24/2023","1,605","1,600","1,620","1,600","15.48M","0.31%"
"11/23/2023","1,600","1,600","1,615","1,580","24.23M","-0.31%"
"11/22/2023","1,605","1,635","1,635","1,605","24.71M","-0.93%"
"11/21/2023","1,620","1,615","1,640","1,610","23.50M","0.62%"
"11/20/2023","1,610","1,635","1,640","1,600","34.68M","-1.53%"
"11/17/2023","1,635","1,645","1,650","1,620","26.46M","-0.91%"
"11/16/2023","1,650","1,640","1,655","1,625","21.23M","0.61%"
"11/15/2023","1,640","1,630","1,675","1,630","63.10M","1.23%"
"11/14/2023","1,620","1,620","1,640","1,610","22.91M","0.00%"
"11/13/2023","1,620","1,625","1,635","1,610","26.64M","-0.31%"
"11/10/2023","1,625","1,655","1,665","1,625","22.03M","-1.81%"
"11/09/2023","1,655","1,660","1,670","1,650","15.81M","-0.30%"
"11/08/2023","1,660","1,680","1,685","1,650","29.13M","-1.78%"
"11/07/2023","1,690","1,710","1,715","1,675","22.15M","-0.59%"
"11/06/2023","1,700","1,665","1,700","1,660","36.43M","2.72%"
"11/03/2023","1,655","1,660","1,675","1,650","27.88M","0.30%"
"11/02/2023","1,650","1,655","1,685","1,650","31.66M","0.00%"
"11/01/2023","1,650","1,705","1,715","1,650","43.65M","-3.23%"
"10/31/2023","1,705","1,725","1,740","1,705","34.36M","-1.16%"
"10/30/2023","1,725","1,730","1,745","1,715","14.47M","0.00%"
"10/27/2023","1,725","1,735","1,745","1,725","11.29M","-0.29%"
"10/26/2023","1,730","1,735","1,755","1,730","16.16M","0.00%"
"10/25/2023","1,730","1,770","1,780","1,730","30.55M","-1.98%"
"10/24/2023","1,765","1,745","1,780","1,735","18.29M","0.86%"
"10/23/2023","1,750","1,825","1,825","1,745","37.51M","-4.11%"
"10/20/2023","1,825","1,825","1,845","1,805","22.57M","0.55%"
"10/19/2023","1,815","1,850","1,850","1,795","32.54M","-1.89%"
"10/18/2023","1,850","1,815","1,850","1,815","73.26M","2.21%"
"10/17/2023","1,810","1,810","1,820","1,790","22.54M","0.28%"
"10/16/2023","1,805","1,785","1,820","1,785","49.69M","2.85%"
"10/13/2023","1,755","1,775","1,775","1,750","32.33M","-1.13%"
"10/12/2023","1,775","1,825","1,835","1,775","41.98M","-2.20%"
"10/11/2023","1,815","1,825","1,850","1,815","27.09M","0.00%"
"10/10/2023","1,815","1,830","1,860","1,815","40.05M","0.28%"
"10/09/2023","1,810","1,735","1,835","1,735","63.73M","5.54%"
"10/06/2023","1,715","1,705","1,740","1,705","33.65M","0.59%"
"10/05/2023","1,705","1,745","1,760","1,705","44.52M","-2.01%"
"10/04/2023","1,740","1,780","1,780","1,735","34.75M","-1.42%"
"10/03/2023","1,765","1,805","1,810","1,765","42.15M","-2.22%"
"10/02/2023","1,805","1,815","1,825","1,800","25.42M","-0.55%"
"09/29/2023","1,815","1,820","1,830","1,815","23.08M","-0.27%"
"09/27/2023","1,820","1,840","1,845","1,820","17.42M","-1.09%"
"09/26/2023","1,840","1,850","1,855","1,830","23.83M","-0.54%"
"09/25/2023","1,850","1,855","1,865","1,845","15.66M","0.00%"
"09/22/2023","1,850","1,835","1,865","1,835","20.90M","0.82%"
"09/21/2023","1,835","1,860","1,875","1,830","39.72M","-1.34%"
"09/20/2023","1,860","1,845","1,875","1,845","30.86M","1.09%"
"09/19/2023","1,840","1,835","1,870","1,815","52.91M","-0.27%"
"09/18/2023","1,845","1,900","1,910","1,845","55.12M","-2.89%"
"09/15/2023","1,900","1,900","1,920","1,895","46.98M","0.00%"
"09/14/2023","1,900","1,920","1,935","1,895","53.13M","-0.78%"
"09/13/2023","1,915","1,950","1,950","1,910","42.99M","-1.54%"
"09/12/2023","1,945","1,960","1,960","1,940","19.27M","-0.51%"
"09/11/2023","1,955","1,945","1,955","1,930","28.51M","0.51%"
"09/08/2023","1,945","1,955","1,960","1,940","28.06M","-0.51%"
"09/07/2023","1,955","1,945","1,955","1,940","29.13M","0.51%"
"09/06/2023","1,945","1,950","1,965","1,945","46.82M","-0.26%"
"09/05/2023","1,950","1,950","1,970","1,945","30.66M","0.00%"
"09/04/2023","1,950","1,975","1,980","1,950","50.60M","-0.26%"
"09/01/2023","1,955","1,925","1,970","1,925","89.35M","-1.76%"
"08/31/2023","1,990","1,995","2,010","1,975","34.78M","-0.25%"
"08/30/2023","1,995","2,010","2,010","1,995","31.96M","0.00%"
"08/29/2023","1,995","1,995","2,000","1,980","23.01M","0.00%"
"08/28/2023","1,995","1,995","2,010","1,980","20.52M","0.25%"
"08/25/2023","1,990","1,995","2,010","1,980","34.87M","-0.25%"
"08/24/2023","1,995","1,975","2,020","1,975","81.40M","2.05%"
"08/23/2023","1,955","1,950","1,965","1,950","35.65M","0.51%"
"08/22/2023","1,945","1,950","1,960","1,935","36.19M","-0.26%"
"08/21/2023","1,950","1,950","1,965","1,950","18.37M","0.00%"
"08/18/2023","1,950","1,960","1,970","1,945","42.36M","-0.51%"
"08/16/2023","1,960","1,985","1,990","1,960","68.96M","-1.51%"
"08/15/2023","1,990","1,995","2,000","1,985","23.41M","-0.50%"
"08/14/2023","2,000","1,990","2,000","1,970","28.64M","0.50%"
"08/11/2023","1,990","1,995","2,000","1,980","24.63M","0.00%"
"08/10/2023","1,990","2,000","2,020","1,990","26.00M","-1.00%"
"08/09/2023","2,010","2,010","2,020","1,990","28.57M","0.00%"
"08/08/2023","2,010","2,050","2,050","2,000","25.77M","-1.47%"
"08/07/2023","2,040","2,030","2,050","2,020","41.29M","0.99%"
"08/04/2023","2,020","2,010","2,040","2,000","40.80M","0.50%"
"08/03/2023","2,010","2,000","2,020","1,990","38.82M","0.00%"
"08/02/2023","2,010","2,050","2,050","1,990","78.41M","-1.47%"
"08/01/2023","2,040","2,000","2,060","1,990","136.29M","2.77%"
"07/31/2023","1,985","1,965","1,990","1,960","33.45M","1.28%"
"07/28/2023","1,960","1,970","1,975","1,955","36.81M","-0.51%"
"07/27/2023","1,970","1,985","1,990","1,970","21.15M","-0.76%"
"07/26/2023","1,985","1,995","2,010","1,980","35.65M","0.51%"
"07/25/2023","1,975","1,985","2,000","1,975","25.53M","0.00%"
"07/24/2023","1,975","1,975","1,990","1,975","19.33M","0.00%"
"07/21/2023","1,975","2,000","2,000","1,975","30.20M","-0.75%"
"07/20/2023","1,990","2,000","2,010","1,980","31.14M","0.00%"
"07/18/2023","1,990","2,000","2,010","1,975","28.56M","0.00%"
"07/17/2023","1,990","2,010","2,020","1,990","21.90M","-0.50%"
"07/14/2023","2,000","1,995","2,020","1,995","21.06M","0.50%"
"07/13/2023","1,990","2,010","2,030","1,990","36.34M","0.00%"
"07/12/2023","1,990","2,010","2,010","1,990","21.17M","-0.50%"
"07/11/2023","2,000","1,985","2,000","1,980","19.30M","1.01%"
"07/10/2023","1,980","1,985","1,995","1,980","14.13M","0.25%"
"07/07/2023","1,975","2,020","2,020","1,975","40.42M","-2.23%"
"07/06/2023","2,020","1,995","2,050","1,990","88.55M","1.76%"
"07/05/2023","1,985","1,970","1,990","1,960","35.62M","0.76%"
"07/04/2023","1,970","1,970","1,980","1,960","16.31M","0.25%"
"07/03/2023","1,965","1,955","1,990","1,955","20.64M","0.77%"
"06/27/2023","1,950","1,955","1,965","1,950","18.22M","0.00%"
"06/26/2023","1,950","1,950","1,975","1,935","42.02M","-2.99%"
"06/23/2023","2,010","2,020","2,030","2,000","30.40M","0.00%"
"06/22/2023","2,010","2,010","2,060","2,010","40.10M","0.00%"
"06/21/2023","2,010","2,010","2,030","2,000","19.18M","-0.50%"
"06/20/2023","2,020","2,030","2,040","2,010","16.40M","-0.49%"
"06/19/2023","2,030","2,060","2,060","2,020","11.74M","-1.46%"
"06/16/2023","2,060","2,060","2,060","2,020","34.33M","0.98%"
"06/15/2023","2,040","2,040","2,050","2,010","44.39M","0.49%"
"06/14/2023","2,030","2,040","2,050","2,010","54.54M","1.00%"
"06/13/2023","2,010","1,995","2,020","1,980","27.91M","0.75%"
"06/12/2023","1,995","1,980","2,000","1,975","23.09M","1.01%"
"06/09/2023","1,975","1,985","1,995","1,970","25.01M","-0.50%"
"06/08/2023","1,985","2,040","2,040","1,985","36.12M","-1.73%"
"06/07/2023","2,020","2,010","2,030","1,990","30.99M","0.50%"
"06/06/2023","2,010","1,985","2,030","1,985","50.00M","1.77%"
"06/05/2023","1,975","1,905","1,995","1,905","65.37M","4.22%"
"05/31/2023","1,895","1,940","1,945","1,895","69.26M","-2.32%"
"05/30/2023","1,940","1,935","1,960","1,930","23.13M","0.26%"
"05/29/2023","1,935","1,920","1,935","1,905","33.24M","0.78%"
"05/26/2023","1,920","1,945","1,950","1,920","35.48M","-1.29%"
"05/25/2023","1,945","1,950","1,965","1,940","27.32M","-0.26%"
"05/24/2023","1,950","1,950","1,960","1,945","23.44M","0.26%"
"05/23/2023","1,945","1,940","1,970","1,940","43.51M","0.26%"
"05/22/2023","1,940","1,960","1,990","1,935","52.01M","-0.77%"
"05/19/2023","1,955","1,935","1,970","1,920","41.39M","1.03%"
"05/17/2023","1,935","1,960","1,965","1,915","57.62M","-1.78%"
"05/16/2023","1,970","1,990","2,000","1,955","48.56M","-1.01%"
"05/15/2023","1,990","2,000","2,020","1,970","48.24M","-0.50%"
"05/12/2023","2,000","2,030","2,030","1,990","51.77M","-1.96%"
"05/11/2023","2,040","2,080","2,080","2,030","61.00M","-2.86%"
"05/10/2023","2,100","2,110","2,120","2,070","29.62M","-0.47%"
"05/09/2023","2,110","2,080","2,120","2,070","38.90M","1.93%"
"05/08/2023","2,070","2,060","2,090","2,040","29.71M","1.47%"
"05/05/2023","2,040","2,130","2,130","2,020","62.50M","-4.23%"
"05/04/2023","2,130","2,140","2,150","2,110","50.57M","0.47%"
"05/03/2023","2,120","2,110","2,150","2,100","78.81M","2.91%"
"05/02/2023","2,060","2,090","2,100","2,030","50.51M","-1.90%"
"04/28/2023","2,100","2,090","2,110","2,070","38.49M","0.96%"
"04/27/2023","2,080","2,120","2,120","2,080","26.49M","-1.42%"
"04/26/2023","2,110","2,080","2,110","2,060","53.07M","0.48%"
"04/18/2023","2,100","2,120","2,130","2,080","42.17M","-0.94%"
"04/17/2023","2,120","2,130","2,140","2,100","45.80M","0.47%"
"04/14/2023","2,110","2,140","2,160","2,110","93.30M","-0.94%"
"04/13/2023","2,130","2,110","2,130","2,100","51.01M","0.95%"
"04/12/2023","2,110","2,120","2,140","2,100","54.34M","0.00%"
"04/11/2023","2,110","2,030","2,110","2,030","87.95M","4.46%"
"04/10/2023","2,020","2,100","2,100","2,010","48.19M","-3.81%"
"04/06/2023","2,100","2,100","2,120","2,080","73.53M","0.00%"
"04/05/2023","2,100","2,070","2,150","2,070","112.54M","2.44%"
"04/04/2023","2,050","2,090","2,100","2,040","63.08M","-1.91%"
"04/03/2023","2,090","2,100","2,110","2,070","45.65M","0.00%"
"03/31/2023","2,090","2,080","2,100","2,050","63.91M","0.00%"
"03/30/2023","2,090","2,070","2,090","2,040","83.11M","0.48%"
"03/29/2023","2,080","2,000","2,090","2,000","140.11M","4.26%"
"03/28/2023","1,995","1,970","2,010","1,970","67.22M","1.79%"
"03/27/2023","1,960","1,935","2,010","1,935","129.14M","3.43%"
"03/24/2023","1,895","1,895","1,940","1,885","84.25M","0.53%"
"03/21/2023","1,885","1,910","1,915","1,885","33.14M","-0.79%"
"03/20/2023","1,900","1,905","1,930","1,875","60.45M","0.26%"
"03/17/2023","1,895","1,815","1,895","1,810","96.29M","5.57%"
"03/16/2023","1,795","1,850","1,855","1,770","94.77M","-3.23%"
"03/15/2023","1,855","1,825","1,865","1,825","64.95M","2.20%"
"03/14/2023","1,815","1,865","1,885","1,810","108.62M","-1.89%"
"03/13/2023","1,850","1,890","1,890","1,850","60.38M","-1.60%"
"03/10/2023","1,880","1,865","1,895","1,850","96.38M","0.27%"
"03/09/2023","1,875","1,885","1,910","1,870","75.45M","-0.53%"
"03/08/2023","1,885","1,920","1,930","1,870","140.36M","-2.84%"
"03/07/2023","1,940","1,960","1,970","1,930","73.42M","-1.02%"
"03/06/2023","1,960","2,000","2,020","1,955","75.89M","-1.75%"
"03/03/2023","1,995","2,010","2,040","1,985","63.90M","-0.75%"
"03/02/2023","2,010","2,010","2,040","2,000","57.91M","0.50%"
"03/01/2023","2,000","1,990","2,020","1,975","49.99M","0.50%"
"02/28/2023","1,990","2,030","2,040","1,990","99.65M","-1.00%"
"02/27/2023","2,010","2,000","2,040","1,985","57.82M","0.50%"
"02/24/2023","2,000","2,020","2,040","2,000","58.44M","-1.48%"
"02/23/2023","2,030","2,050","2,060","2,000","74.83M","-0.98%"
"02/22/2023","2,050","2,080","2,090","2,030","76.67M","-1.44%"
"02/21/2023","2,080","2,110","2,130","2,070","70.01M","0.00%"
"02/20/2023","2,080","2,080","2,090","2,020","99.66M","-0.48%"
"02/17/2023","2,090","2,100","2,140","2,060","86.63M","-0.95%"
"02/16/2023","2,110","2,200","2,210","2,100","131.70M","-4.09%"
"02/15/2023","2,200","2,200","2,230","2,160","70.22M","-0.45%"
"02/14/2023","2,210","2,240","2,250","2,200","45.82M","-1.34%"
"02/13/2023","2,240","2,210","2,240","2,200","25.23M","0.90%"
"02/10/2023","2,220","2,250","2,250","2,180","77.59M","0.00%"
"02/09/2023","2,220","2,240","2,260","2,220","47.04M","-0.89%"
"02/08/2023","2,240","2,260","2,280","2,220","53.01M","-0.44%"
"02/07/2023","2,250","2,250","2,260","2,190","130.23M","-0.88%"
"02/06/2023","2,270","2,280","2,320","2,260","60.87M","-2.58%"
"02/03/2023","2,330","2,380","2,380","2,280","69.94M","-0.85%"
"02/02/2023","2,350","2,350","2,380","2,320","53.67M","-0.84%"
"02/01/2023","2,370","2,340","2,390","2,320","134.65M","2.60%"
"01/31/2023","2,310","2,300","2,340","2,290","53.34M","0.87%"
"01/30/2023","2,290","2,300","2,310","2,250","67.54M","-0.43%"
"01/27/2023","2,300","2,330","2,330","2,290","34.02M","-0.86%"
"01/26/2023","2,320","2,330","2,370","2,300","91.68M","1.31%"
"01/25/2023","2,290","2,340","2,350","2,250","54.43M","-1.29%"
"01/24/2023","2,320","2,320","2,350","2,280","63.74M","0.00%"
"01/20/2023","2,320","2,300","2,340","2,280","110.10M","2.20%"
"01/19/2023","2,270","2,290","2,320","2,270","127.37M","0.44%"
"01/18/2023","2,260","2,260","2,270","2,210","122.20M","-0.44%"
"01/17/2023","2,270","2,200","2,290","2,180","242.58M","4.13%"
"01/16/2023","2,180","2,160","2,200","2,150","89.57M","1.40%"
"01/13/2023","2,150","2,150","2,170","2,090","149.25M","0.94%"
"01/12/2023","2,130","2,060","2,140","2,040","178.99M","2.90%"
"01/11/2023","2,070","2,050","2,070","2,020","55.48M","1.47%"
"01/10/2023","2,040","2,040","2,060","2,000","54.10M","-0.97%"
"01/09/2023","2,060","2,010","2,070","2,010","118.33M","3.78%"
"01/06/2023","1,985","1,950","1,985","1,930","55.67M","1.02%"
"01/05/2023","1,965","2,020","2,050","1,935","130.12M","-4.15%"
"01/04/2023","2,050","2,020","2,100","2,010","142.64M","2.50%"
"01/03/2023","2,000","1,980","2,020","1,975","45.39M","1.01%"
"01/02/2023","1,980","1,990","2,010","1,975","15.84M","-0.25%"
"12/30/2022","1,985","2,010","2,020","1,985","23.12M","-1.24%"
"12/29/2022","2,010","2,000","2,020","1,970","43.60M","0.00%"
"12/28/2022","2,010","1,990","2,010","1,940","68.31M","1.01%"
"12/27/2022","1,990","2,010","2,040","1,985","38.34M","-0.50%"
"12/26/2022","2,000","2,010","2,030","1,995","16.00M","0.00%"
"12/23/2022","2,000","2,030","2,030","1,995","33.73M","-1.48%"
"12/22/2022","2,030","2,070","2,080","2,020","37.85M","-0.49%"
"12/21/2022","2,040","2,020","2,070","2,020","63.25M","1.49%"
"12/20/2022","2,010","2,030","2,030","1,985","52.40M","-1.47%"
"12/19/2022","2,040","2,030","2,060","2,000","82.77M","0.99%"
"12/16/2022","2,020","1,915","2,030","1,915","86.95M","4.39%"
"12/15/2022","1,935","1,940","1,940","1,920","28.81M","-0.26%"
"12/14/2022","1,940","1,930","1,945","1,915","47.96M","0.52%"
"12/13/2022","1,930","1,960","1,965","1,930","49.52M","-1.03%"
"12/12/2022","1,950","1,930","1,960","1,915","29.30M","0.78%"
"12/09/2022","1,935","1,960","1,980","1,930","44.79M","-2.76%"
"12/08/2022","1,990","1,960","1,995","1,920","63.33M","3.65%"
"12/07/2022","1,920","1,965","1,985","1,900","76.10M","-2.29%"
"12/06/2022","1,965","2,050","2,050","1,945","67.57M","-4.61%"
"12/05/2022","2,060","2,070","2,080","2,040","65.28M","0.98%"
"12/02/2022","2,040","2,050","2,060","2,020","71.34M","0.00%"
"12/01/2022","2,040","2,000","2,060","1,985","114.75M","2.77%"
"11/30/2022","1,985","1,980","1,990","1,965","87.93M","1.02%"
"11/29/2022","1,965","1,935","1,965","1,925","54.41M","2.61%"
"11/28/2022","1,915","1,945","1,945","1,910","61.19M","-1.79%"
"11/25/2022","1,950","1,970","1,975","1,945","28.11M","-1.02%"
"11/24/2022","1,970","1,975","1,990","1,960","37.87M","-0.25%"
"11/23/2022","1,975","1,970","1,985","1,955","56.67M","2.07%"
"11/22/2022","1,935","1,960","1,970","1,930","56.46M","-1.28%"
"11/21/2022","1,960","1,980","2,000","1,955","58.32M","0.00%"
"11/18/2022","1,960","1,955","1,985","1,950","59.65M","-0.76%"
"11/17/2022","1,975","1,985","1,995","1,940","150.49M","-2.71%"
"11/16/2022","2,030","2,180","2,180","2,020","175.92M","-6.02%"
"11/15/2022","2,160","2,160","2,220","2,130","161.07M","1.89%"
"11/14/2022","2,120","2,150","2,170","2,100","152.49M","0.00%"
"11/11/2022","2,120","2,080","2,130","2,050","262.79M","6.00%"
"11/10/2022","2,000","2,000","2,020","1,985","108.01M","0.00%"
"11/09/2022","2,000","2,010","2,060","1,995","103.78M","0.76%"
"11/08/2022","1,985","2,010","2,040","1,970","103.10M","-0.75%"
"11/07/2022","2,000","1,930","2,010","1,930","208.07M","4.44%"
"11/04/2022","1,915","1,830","1,915","1,805","87.26M","4.64%"
"11/03/2022","1,830","1,865","1,875","1,825","53.06M","-1.88%"
"11/02/2022","1,865","1,865","1,895","1,850","110.40M","3.04%"
"11/01/2022","1,810","1,845","1,845","1,805","27.10M","-1.90%"
"10/31/2022","1,845","1,840","1,850","1,825","29.11M","0.54%"
"10/28/2022","1,835","1,845","1,850","1,805","43.56M","-0.27%"
"10/27/2022","1,840","1,820","1,880","1,815","117.96M","1.66%"
"10/26/2022","1,810","1,775","1,830","1,775","88.61M","2.26%"
"10/25/2022","1,770","1,800","1,810","1,760","64.12M","-1.39%"
"10/24/2022","1,795","1,805","1,825","1,790","42.01M","-0.28%"
"10/21/2022","1,800","1,825","1,830","1,795","53.31M","-1.10%"
"10/20/2022","1,820","1,815","1,835","1,805","55.82M","-0.27%"
"10/19/2022","1,825","1,800","1,840","1,765","50.66M","1.67%"
"10/18/2022","1,795","1,810","1,830","1,790","29.11M","-0.55%"
"10/17/2022","1,805","1,810","1,810","1,765","44.92M","-0.82%"
"10/14/2022","1,820","1,855","1,865","1,820","38.33M","-0.55%"
"10/13/2022","1,830","1,890","1,895","1,820","61.81M","-2.66%"
"10/12/2022","1,880","1,895","1,915","1,860","45.42M","-0.79%"
"10/11/2022","1,895","1,910","1,915","1,890","23.31M","-0.79%"
"10/10/2022","1,910","1,920","1,925","1,895","29.24M","-1.29%"
"10/07/2022","1,935","1,935","1,950","1,925","28.67M","0.26%"
"10/06/2022","1,930","1,955","1,965","1,925","46.69M","-0.52%"
"10/05/2022","1,940","1,945","1,975","1,940","84.85M","0.78%"
"10/04/2022","1,925","1,920","1,935","1,910","73.56M","1.85%"
"10/03/2022","1,890","1,900","1,920","1,890","57.71M","-2.58%"
"09/30/2022","1,940","1,925","1,940","1,885","61.88M","1.04%"
"09/29/2022","1,920","1,945","1,960","1,910","48.69M","-0.26%"
"09/28/2022","1,925","1,945","1,950","1,925","70.32M","-2.04%"
"09/27/2022","1,965","1,955","1,975","1,930","75.59M","-0.25%"
"09/26/2022","1,970","1,995","2,000","1,970","95.29M","-3.43%"
"09/23/2022","2,040","2,080","2,090","2,030","54.90M","-1.92%"
"09/22/2022","2,080","2,050","2,090","2,040","56.86M","0.00%"
"09/21/2022","2,080","2,060","2,100","2,020","122.34M","1.46%"
"09/20/2022","2,050","2,080","2,080","2,040","46.00M","0.00%"
"09/19/2022","2,050","2,080","2,090","2,020","80.43M","0.49%"
"09/16/2022","2,040","2,030","2,050","2,000","97.99M","-1.45%"
"09/15/2022","2,070","2,130","2,150","2,060","147.89M","-2.36%"
"09/14/2022","2,120","2,010","2,120","1,990","230.63M","2.42%"
"09/13/2022","2,070","2,030","2,100","2,030","282.11M","4.55%"
"09/12/2022","1,980","2,010","2,020","1,980","96.25M","0.25%"
"09/09/2022","1,975","1,940","1,985","1,920","75.06M","2.86%"
"09/08/2022","1,920","1,970","1,975","1,920","78.96M","-1.54%"
"09/07/2022","1,950","1,975","1,990","1,940","80.24M","-2.01%"
"09/06/2022","1,990","2,010","2,040","1,975","139.91M","1.02%"
"09/05/2022","1,970","1,880","1,985","1,870","131.40M","3.68%"
"09/02/2022","1,900","1,930","1,930","1,900","99.51M","-1.81%"
"09/01/2022","1,935","1,985","1,985","1,930","63.66M","-2.76%"
"08/31/2022","1,990","1,985","1,990","1,925","134.23M","0.25%"
"08/30/2022","1,985","1,920","2,010","1,910","135.75M","4.47%"
"08/29/2022","1,900","1,920","1,925","1,865","123.39M","-2.81%"
"08/26/2022","1,955","1,995","2,000","1,955","135.65M","-2.01%"
"08/25/2022","1,995","2,010","2,040","1,985","90.21M","-0.75%"
"08/24/2022","2,010","2,020","2,040","2,000","54.62M","-0.99%"
"08/23/2022","2,030","1,985","2,050","1,965","87.68M","2.27%"
"08/22/2022","1,985","2,060","2,070","1,980","140.30M","-3.64%"
"08/19/2022","2,060","2,050","2,090","2,030","101.51M","0.49%"
"08/18/2022","2,050","2,070","2,110","2,030","116.65M","-1.44%"
"08/16/2022","2,080","2,130","2,140","2,070","117.04M","-2.35%"
"08/15/2022","2,130","2,230","2,240","2,120","111.11M","-4.05%"
"08/12/2022","2,220","2,240","2,270","2,210","126.70M","-0.89%"
"08/11/2022","2,240","2,200","2,270","2,180","278.41M","5.66%"
"08/10/2022","2,120","2,180","2,180","2,110","148.70M","-2.75%"
"08/09/2022","2,180","2,080","2,230","2,070","405.82M","5.83%"
"08/08/2022","2,060","2,010","2,070","1,985","130.81M","1.98%"
"08/05/2022","2,020","2,000","2,030","1,970","85.40M","2.54%"
"08/04/2022","1,970","1,980","2,020","1,950","72.89M","0.00%"
"08/03/2022","1,970","1,975","1,990","1,915","103.29M","-1.25%"
"08/02/2022","1,995","2,080","2,080","1,990","151.69M","-4.09%"
"08/01/2022","2,080","2,030","2,100","1,990","243.19M","6.39%"
"07/29/2022","1,955","2,020","2,070","1,945","153.18M","-2.25%"
"07/28/2022","2,000","1,815","2,030","1,805","342.36M","12.04%"
"07/27/2022","1,785","1,780","1,790","1,770","33.96M","-0.28%"
"07/26/2022","1,790","1,755","1,800","1,755","63.35M","1.99%"
"07/25/2022","1,755","1,800","1,825","1,735","105.81M","-1.40%"
"07/22/2022","1,780","1,690","1,785","1,690","129.87M","6.27%"
"07/21/2022","1,675","1,695","1,710","1,665","49.66M","-1.18%"
"07/20/2022","1,695","1,680","1,700","1,670","110.08M","2.42%"
"07/19/2022","1,655","1,580","1,665","1,575","159.97M","6.09%"
"07/18/2022","1,560","1,575","1,595","1,550","137.28M","1.30%"
"07/15/2022","1,540","1,600","1,605","1,535","227.66M","-6.67%"
"07/14/2022","1,650","1,720","1,725","1,640","165.95M","-4.07%"
"07/13/2022","1,720","1,740","1,755","1,715","50.79M","-1.15%"
"07/12/2022","1,740","1,720","1,770","1,720","88.17M","1.16%"
"07/11/2022","1,720","1,720","1,730","1,705","49.58M","0.29%"
"07/08/2022","1,715","1,725","1,755","1,710","83.30M","-0.29%"
"07/07/2022","1,720","1,715","1,735","1,700","73.06M","0.00%"
"07/06/2022","1,720","1,775","1,780","1,710","96.87M","-3.91%"
"07/05/2022","1,790","1,740","1,820","1,740","123.38M","4.07%"
"07/04/2022","1,720","1,750","1,770","1,700","101.95M","-1.71%"
"07/01/2022","1,750","1,795","1,810","1,750","114.98M","-2.78%"
"06/30/2022","1,800","1,850","1,860","1,800","77.82M","-1.91%"
"06/29/2022","1,835","1,855","1,890","1,835","114.67M","-1.61%"
"06/28/2022","1,865","1,890","1,905","1,860","102.83M","-1.32%"
"06/27/2022","1,890","1,970","1,970","1,885","172.59M","-4.06%"
"06/24/2022","1,970","1,950","2,000","1,950","73.72M","0.25%"
"06/23/2022","1,965","2,020","2,020","1,955","127.47M","-2.72%"
"06/22/2022","2,020","2,140","2,140","2,020","171.51M","-6.05%"
"06/21/2022","2,150","2,080","2,150","2,070","83.30M","3.86%"
"06/20/2022","2,070","2,110","2,130","2,050","78.28M","-1.90%"
"06/17/2022","2,110","2,120","2,140","2,100","70.82M","-1.86%"
"06/16/2022","2,150","2,200","2,230","2,140","99.49M","-0.92%"
"06/15/2022","2,170","2,180","2,240","2,120","94.87M","-0.46%"
"06/14/2022","2,180","2,240","2,260","2,160","140.88M","-3.54%"
"06/13/2022","2,260","2,240","2,280","2,200","113.10M","-1.31%"
"06/10/2022","2,290","2,370","2,380","2,280","131.01M","-4.58%"
"06/09/2022","2,400","2,420","2,450","2,380","59.98M","-0.83%"
"06/08/2022","2,420","2,430","2,440","2,400","57.67M","0.00%"
"06/07/2022","2,420","2,450","2,470","2,420","64.43M","-1.22%"
"06/06/2022","2,450","2,460","2,490","2,400","93.79M","-2.00%"
"06/03/2022","2,500","2,520","2,550","2,500","71.25M","-0.40%"
"06/02/2022","2,510","2,500","2,560","2,470","116.21M","0.00%"
"05/31/2022","2,510","2,570","2,570","2,500","168.24M","-1.95%"
"05/30/2022","2,560","2,500","2,570","2,470","125.20M","3.64%"
"05/27/2022","2,470","2,510","2,530","2,460","76.17M","-0.80%"
"05/25/2022","2,490","2,560","2,580","2,460","115.85M","-3.11%"
"05/24/2022","2,570","2,550","2,600","2,530","110.54M","1.58%"
"05/23/2022","2,530","2,560","2,670","2,520","244.87M","1.61%"
"05/20/2022","2,490","2,520","2,520","2,460","125.63M","1.22%"
"05/19/2022","2,460","2,380","2,490","2,340","122.97M","2.50%"
"05/18/2022","2,400","2,420","2,420","2,360","79.22M","0.42%"
"05/17/2022","2,390","2,350","2,410","2,340","94.10M","2.58%"
"05/13/2022","2,330","2,360","2,380","2,300","81.84M","0.00%"
"05/12/2022","2,330","2,400","2,460","2,290","183.79M","-2.92%"
"05/11/2022","2,400","2,420","2,530","2,400","110.10M","-0.83%"
"05/10/2022","2,420","2,470","2,490","2,360","146.40M","-4.35%"
"05/09/2022","2,530","2,500","2,550","2,460","165.44M","-2.69%"
"04/28/2022","2,600","2,580","2,650","2,570","115.52M","1.56%"
"04/27/2022","2,560","2,500","2,610","2,500","161.59M","2.40%"
"04/26/2022","2,500","2,630","2,640","2,450","229.69M","-4.58%"
"04/25/2022","2,620","2,690","2,700","2,600","171.95M","-4.38%"
"04/22/2022","2,740","2,770","2,810","2,740","82.09M","-1.79%"
"04/21/2022","2,790","2,830","2,840","2,760","69.88M","-1.06%"
"04/20/2022","2,820","2,880","2,880","2,740","137.09M","-1.05%"
"04/19/2022","2,850","2,910","2,940","2,830","190.46M","-1.72%"
"04/18/2022","2,900","2,800","2,930","2,790","190.86M","4.32%"
"04/14/2022","2,780","2,790","2,870","2,750","201.70M","-0.36%"
"04/13/2022","2,790","2,690","2,800","2,670","143.82M","4.49%"
"04/12/2022","2,670","2,620","2,680","2,580","88.39M","1.52%"
"04/11/2022","2,630","2,800","2,810","2,630","163.86M","-6.07%"
"04/08/2022","2,800","2,790","2,820","2,740","189.36M","1.45%"
"04/07/2022","2,760","2,670","2,820","2,660","286.62M","4.15%"
"04/06/2022","2,650","2,670","2,690","2,640","98.44M","-0.75%"
"04/05/2022","2,670","2,630","2,700","2,610","141.70M","1.14%"
"04/04/2022","2,640","2,530","2,650","2,520","138.74M","5.18%"
"04/01/2022","2,510","2,450","2,550","2,420","107.95M","2.87%"
"03/31/2022","2,440","2,530","2,540","2,430","97.40M","-2.79%"
"03/30/2022","2,510","2,530","2,570","2,470","131.17M","-0.79%"
"03/29/2022","2,530","2,590","2,600","2,510","144.73M","-3.80%"
"03/28/2022","2,630","2,650","2,660","2,590","121.09M","-1.13%"
"03/25/2022","2,660","2,660","2,690","2,610","200.44M","0.76%"
"03/24/2022","2,640","2,600","2,650","2,540","269.05M","5.60%"
"03/23/2022","2,500","2,550","2,560","2,460","177.61M","-1.96%"
"03/22/2022","2,550","2,380","2,560","2,370","321.56M","8.05%"
"03/21/2022","2,360","2,380","2,390","2,330","92.73M","-1.26%"
"03/18/2022","2,390","2,350","2,400","2,320","173.67M","1.70%"
"03/17/2022","2,350","2,400","2,410","2,330","153.55M","-1.67%"
"03/16/2022","2,390","2,370","2,410","2,270","235.84M","0.84%"
"03/15/2022","2,370","2,400","2,460","2,350","170.70M","-1.25%"
"03/14/2022","2,400","2,520","2,540","2,360","394.13M","-4.76%"
"03/11/2022","2,520","2,590","2,660","2,520","359.11M","-1.95%"
"03/10/2022","2,570","2,530","2,660","2,490","489.61M","-3.02%"
"03/09/2022","2,650","2,650","2,740","2,650","706.11M","-6.69%"
"03/08/2022","2,840","2,990","3,170","2,830","1.40B","0.71%"
"03/07/2022","2,820","2,520","2,830","2,480","642.03M","15.10%"
"03/04/2022","2,450","2,350","2,460","2,340","320.80M","6.99%"
"03/02/2022","2,290","2,300","2,340","2,280","152.87M","1.33%"
"03/01/2022","2,260","2,240","2,300","2,230","137.69M","1.80%"
"02/25/2022","2,220","2,220","2,270","2,200","189.91M","0.00%"
"02/24/2022","2,220","2,190","2,240","2,120","303.80M","0.91%"
"02/23/2022","2,200","2,200","2,230","2,170","140.93M","0.92%"
"02/22/2022","2,180","2,150","2,200","2,100","215.58M","0.46%"
"02/21/2022","2,170","2,100","2,190","2,100","210.84M","3.83%"
"02/18/2022","2,090","1,955","2,140","1,955","412.84M","7.46%"
"02/17/2022","1,945","1,885","1,945","1,855","118.15M","3.46%"
"02/16/2022","1,880","1,890","1,895","1,870","48.78M","0.00%"
"02/15/2022","1,880","1,890","1,910","1,865","80.64M","-0.53%"
"02/14/2022","1,890","1,840","1,900","1,810","126.05M","2.44%"
"02/11/2022","1,845","1,890","1,900","1,830","112.85M","-1.86%"
"02/10/2022","1,880","1,795","1,905","1,790","255.04M","5.62%"
"02/09/2022","1,780","1,790","1,800","1,770","73.97M","-0.56%"
"02/08/2022","1,790","1,820","1,825","1,785","90.88M","-1.10%"
"02/07/2022","1,810","1,810","1,835","1,805","74.47M","0.00%"
"02/04/2022","1,810","1,830","1,835","1,805","80.30M","-1.63%"
"02/03/2022","1,840","1,785","1,860","1,765","125.12M","3.37%"
"02/02/2022","1,780","1,805","1,830","1,775","158.84M","0.56%"
"01/31/2022","1,770","1,785","1,810","1,770","81.82M","0.00%"
"01/28/2022","1,770","1,770","1,790","1,755","49.93M","0.28%"
"01/27/2022","1,765","1,775","1,790","1,750","133.83M","-2.22%"
"01/26/2022","1,805","1,780","1,815","1,735","162.80M","2.56%"
"01/25/2022","1,760","1,840","1,840","1,755","201.60M","-6.63%"
"01/24/2022","1,885","1,950","1,955","1,875","70.29M","-3.08%"
"01/21/2022","1,945","1,935","1,965","1,890","169.33M","0.52%"
"01/20/2022","1,935","1,765","1,935","1,750","368.85M","12.17%"
"01/19/2022","1,725","1,780","1,810","1,705","230.61M","-3.09%"
"01/18/2022","1,780","1,850","1,875","1,765","219.50M","-4.04%"
"01/17/2022","1,855","1,950","1,955","1,840","183.49M","-4.87%"
"01/14/2022","1,950","1,965","1,975","1,930","106.44M","-0.76%"
"01/13/2022","1,965","1,935","1,995","1,840","284.22M","1.55%"
"01/12/2022","1,935","2,120","2,150","1,935","394.75M","-6.97%"
"01/11/2022","2,080","2,220","2,230","2,080","170.40M","-6.31%"
"01/10/2022","2,220","2,250","2,250","2,220","35.42M","-0.45%"
"01/07/2022","2,230","2,250","2,260","2,230","26.66M","0.00%"
"01/06/2022","2,230","2,260","2,270","2,230","45.33M","-1.76%"
"01/05/2022","2,270","2,310","2,340","2,250","51.32M","-1.30%"
"01/04/2022","2,300","2,340","2,350","2,290","32.22M","-1.71%"
"01/03/2022","2,340","2,260","2,350","2,260","74.42M","4.00%"
"12/30/2021","2,250","2,280","2,300","2,250","27.32M","-0.88%"
"12/29/2021","2,270","2,270","2,290","2,260","14.30M","0.44%"
"12/28/2021","2,260","2,310","2,320","2,260","29.79M","-1.74%"
"12/27/2021","2,300","2,300","2,300","2,280","18.19M","0.88%"
"12/24/2021","2,280","2,260","2,300","2,250","30.71M","1.79%"
"12/23/2021","2,240","2,260","2,270","2,240","19.01M","-0.44%"
"12/22/2021","2,250","2,270","2,300","2,250","28.79M","-0.44%"
"12/21/2021","2,260","2,220","2,280","2,220","37.96M","1.80%"
"12/20/2021","2,220","2,250","2,260","2,220","53.77M","-1.33%"
"12/17/2021","2,250","2,310","2,310","2,250","50.86M","-1.75%"
"12/16/2021","2,290","2,290","2,300","2,260","35.25M","0.44%"
"12/15/2021","2,280","2,290","2,300","2,270","34.08M","-0.44%"
"12/14/2021","2,290","2,320","2,320","2,280","28.62M","-1.29%"
"12/13/2021","2,320","2,330","2,350","2,320","15.21M","0.00%"
"12/10/2021","2,320","2,330","2,330","2,310","13.96M","-0.43%"
"12/09/2021","2,330","2,330","2,340","2,320","20.80M","0.00%"
"12/08/2021","2,330","2,360","2,360","2,320","24.20M","-0.43%"
"12/07/2021","2,340","2,340","2,350","2,330","21.54M","0.86%"
"12/06/2021","2,320","2,340","2,360","2,310","31.95M","-0.85%"
"12/03/2021","2,340","2,350","2,370","2,320","38.76M","0.00%"
"12/02/2021","2,340","2,270","2,370","2,260","89.01M","3.08%"
"12/01/2021","2,270","2,300","2,320","2,250","83.61M","-1.30%"
"11/30/2021","2,300","2,340","2,370","2,300","151.19M","-1.29%"
"11/29/2021","2,330","2,330","2,360","2,320","82.57M","-0.43%"
"11/26/2021","2,340","2,410","2,410","2,330","162.29M","-4.10%"
"11/25/2021","2,440","2,470","2,490","2,430","109.03M","0.00%"
"11/24/2021","2,440","2,400","2,450","2,380","73.29M","1.67%"
"11/23/2021","2,400","2,390","2,460","2,370","159.84M","1.27%"
"11/22/2021","2,370","2,400","2,400","2,350","46.49M","-0.84%"
"11/19/2021","2,390","2,350","2,400","2,340","93.54M","2.58%"
"11/18/2021","2,330","2,350","2,370","2,320","52.68M","-0.85%"
"11/17/2021","2,350","2,380","2,390","2,340","50.18M","-1.26%"
"11/16/2021","2,380","2,390","2,410","2,370","47.66M","-0.42%"
"11/15/2021","2,390","2,420","2,430","2,340","100.18M","-0.42%"
"11/12/2021","2,400","2,380","2,420","2,370","80.77M","1.27%"
"11/11/2021","2,370","2,350","2,370","2,340","41.53M","1.28%"
"11/10/2021","2,340","2,330","2,350","2,320","38.32M","0.00%"
"11/09/2021","2,340","2,380","2,390","2,330","44.44M","-1.27%"
"11/08/2021","2,370","2,380","2,400","2,350","46.99M","0.42%"
"11/05/2021","2,360","2,390","2,400","2,340","40.24M","-0.84%"
"11/04/2021","2,380","2,320","2,390","2,320","67.03M","2.59%"
"11/03/2021","2,320","2,320","2,340","2,310","21.94M","0.43%"
"11/02/2021","2,310","2,340","2,350","2,310","27.32M","-0.86%"
"11/01/2021","2,330","2,360","2,360","2,320","34.62M","-0.43%"
"10/29/2021","2,340","2,340","2,370","2,330","52.56M","0.86%"
"10/28/2021","2,320","2,320","2,340","2,300","77.31M","-1.28%"
"10/27/2021","2,350","2,400","2,410","2,340","75.55M","-2.08%"
"10/26/2021","2,400","2,450","2,460","2,400","64.79M","-0.83%"
"10/25/2021","2,420","2,450","2,460","2,410","50.65M","-0.41%"
"10/22/2021","2,430","2,400","2,460","2,370","124.15M","-0.82%"
"10/21/2021","2,450","2,600","2,630","2,420","346.79M","-3.16%"
"10/19/2021","2,530","2,530","2,540","2,460","153.64M","0.80%"
"10/18/2021","2,510","2,500","2,570","2,500","237.36M","1.62%"
"10/15/2021","2,470","2,450","2,480","2,410","260.10M","2.07%"
"10/14/2021","2,420","2,350","2,420","2,340","189.62M","3.42%"
"10/13/2021","2,340","2,360","2,370","2,330","70.80M","-1.27%"
"10/12/2021","2,370","2,410","2,410","2,350","131.46M","-2.07%"
"10/11/2021","2,420","2,390","2,430","2,370","233.37M","3.42%"
"10/08/2021","2,340","2,380","2,410","2,330","159.59M","0.43%"
"10/07/2021","2,330","2,320","2,350","2,300","106.18M","1.30%"
"10/06/2021","2,300","2,320","2,340","2,300","98.31M","0.00%"
"10/05/2021","2,300","2,290","2,420","2,290","297.76M","-0.43%"
"10/04/2021","2,310","2,230","2,320","2,230","143.89M","4.05%"
"10/01/2021","2,220","2,280","2,280","2,220","199.92M","-3.06%"
"09/30/2021","2,290","2,310","2,340","2,270","125.42M","-0.87%"
"09/29/2021","2,310","2,260","2,320","2,250","97.07M","1.76%"
"09/28/2021","2,270","2,310","2,330","2,260","99.77M","-0.87%"
"09/27/2021","2,290","2,310","2,330","2,280","52.71M","0.00%"
"09/24/2021","2,290","2,290","2,340","2,280","159.09M","0.00%"
"09/23/2021","2,290","2,370","2,370","2,290","153.14M","-2.14%"
"09/22/2021","2,340","2,370","2,410","2,330","88.21M","-0.85%"
"09/21/2021","2,360","2,350","2,370","2,300","66.01M","0.43%"
"09/20/2021","2,350","2,380","2,390","2,330","82.49M","-2.08%"
"09/17/2021","2,400","2,370","2,430","2,370","61.54M","-0.41%"
"09/16/2021","2,410","2,520","2,550","2,390","163.31M","-3.21%"
"09/15/2021","2,490","2,470","2,530","2,460","110.53M","0.81%"
"09/14/2021","2,470","2,500","2,500","2,440","139.29M","-1.98%"
"09/13/2021","2,520","2,570","2,590","2,480","131.32M","-2.70%"
"09/10/2021","2,590","2,470","2,630","2,470","423.20M","6.15%"
"09/09/2021","2,440","2,330","2,450","2,290","150.82M","5.17%"
"09/08/2021","2,320","2,350","2,380","2,300","58.23M","-1.28%"
"09/07/2021","2,350","2,400","2,410","2,350","33.41M","-1.26%"
"09/06/2021","2,380","2,380","2,400","2,340","65.06M","1.28%"
"09/03/2021","2,350","2,320","2,350","2,300","29.18M","1.29%"
"09/02/2021","2,320","2,390","2,390","2,320","44.42M","-2.93%"
"09/01/2021","2,390","2,390","2,430","2,370","81.07M","0.00%"
"08/31/2021","2,390","2,350","2,400","2,320","117.73M","3.46%"
"08/30/2021","2,310","2,280","2,320","2,280","37.54M","2.21%"
"08/27/2021","2,260","2,270","2,290","2,250","31.81M","-0.44%"
"08/26/2021","2,270","2,300","2,310","2,270","30.45M","-1.30%"
"08/25/2021","2,300","2,290","2,340","2,280","61.47M","1.32%"
"08/24/2021","2,270","2,330","2,330","2,270","43.55M","-0.87%"
"08/23/2021","2,290","2,310","2,330","2,280","65.26M","0.44%"
"08/20/2021","2,280","2,240","2,320","2,240","71.97M","0.44%"
"08/19/2021","2,270","2,380","2,380","2,270","131.30M","-5.42%"
"08/18/2021","2,400","2,390","2,420","2,360","85.34M","0.42%"
"08/16/2021","2,390","2,370","2,400","2,350","49.00M","0.42%"
"08/13/2021","2,380","2,410","2,410","2,350","66.59M","-0.83%"
"08/12/2021","2,400","2,400","2,430","2,380","127.11M","2.56%"
"08/10/2021","2,340","2,270","2,370","2,240","131.98M","3.54%"
"08/09/2021","2,260","2,300","2,310","2,250","118.97M","-3.00%"
"08/06/2021","2,330","2,380","2,410","2,320","73.81M","-1.69%"
"08/05/2021","2,370","2,420","2,430","2,340","105.00M","-2.07%"
"08/04/2021","2,420","2,460","2,460","2,410","75.33M","-2.02%"
"08/03/2021","2,470","2,490","2,520","2,440","79.44M","-1.59%"
"08/02/2021","2,510","2,520","2,520","2,440","79.18M","-0.40%"
"07/30/2021","2,520","2,590","2,590","2,510","90.63M","-2.70%"
"07/29/2021","2,590","2,550","2,600","2,500","90.76M","2.78%"
"07/28/2021","2,520","2,540","2,590","2,500","64.03M","-0.40%"
"07/27/2021","2,530","2,670","2,680","2,510","126.95M","-3.80%"
"07/26/2021","2,630","2,660","2,730","2,610","223.20M","0.38%"
"07/23/2021","2,620","2,600","2,670","2,600","130.44M","1.95%"
"07/22/2021","2,570","2,560","2,600","2,560","59.41M","0.39%"
"07/21/2021","2,560","2,620","2,640","2,540","99.04M","-3.03%"
"07/19/2021","2,640","2,630","2,670","2,610","74.14M","0.76%"
"07/16/2021","2,620","2,630","2,690","2,610","171.97M","0.38%"
"07/15/2021","2,610","2,580","2,630","2,560","107.13M","0.77%"
"07/14/2021","2,590","2,540","2,600","2,500","73.15M","1.97%"
"07/13/2021","2,540","2,560","2,610","2,500","128.32M","-0.39%"
"07/12/2021","2,550","2,610","2,670","2,520","176.94M","-1.54%"
"07/09/2021","2,590","2,560","2,630","2,530","185.72M","1.57%"
"07/08/2021","2,550","2,460","2,610","2,460","227.84M","3.66%"
"07/07/2021","2,460","2,450","2,470","2,380","146.47M","-0.81%"
"07/06/2021","2,480","2,250","2,510","2,240","365.88M","10.71%"
"07/05/2021","2,240","2,230","2,260","2,220","60.70M","0.90%"
"07/02/2021","2,220","2,230","2,250","2,190","57.20M","-0.45%"
"07/01/2021","2,230","2,280","2,310","2,200","89.61M","-3.04%"
"06/30/2021","2,300","2,240","2,310","2,230","95.17M","3.60%"
"06/29/2021","2,220","2,230","2,250","2,210","55.52M","-0.89%"
"06/28/2021","2,240","2,310","2,310","2,230","65.99M","-2.61%"
"06/25/2021","2,300","2,310","2,340","2,280","90.48M","2.22%"
"06/24/2021","2,250","2,280","2,290","2,240","59.26M","0.00%"
"06/23/2021","2,250","2,280","2,310","2,240","64.28M","-0.44%"
"06/22/2021","2,260","2,250","2,300","2,220","97.67M","2.73%"
"06/21/2021","2,200","2,190","2,250","2,130","100.39M","-1.35%"
"06/18/2021","2,230","2,300","2,320","2,210","125.51M","-4.29%"
"06/17/2021","2,330","2,290","2,350","2,260","74.87M","0.43%"
"06/16/2021","2,320","2,330","2,360","2,300","77.25M","-1.69%"
"06/15/2021","2,360","2,390","2,390","2,340","84.19M","-2.07%"
"06/14/2021","2,410","2,470","2,470","2,400","64.56M","-2.82%"
"06/11/2021","2,480","2,460","2,500","2,440","94.70M","2.48%"
"06/10/2021","2,420","2,440","2,480","2,420","79.75M","-1.63%"
"06/09/2021","2,460","2,380","2,480","2,370","117.34M","4.68%"
"06/08/2021","2,350","2,390","2,420","2,350","58.84M","-1.26%"
"06/07/2021","2,380","2,450","2,450","2,370","62.12M","-2.06%"
"06/04/2021","2,430","2,480","2,480","2,410","160.48M","-3.57%"
"06/03/2021","2,520","2,540","2,600","2,500","131.14M","-1.18%"
"06/02/2021","2,550","2,460","2,550","2,440","125.65M","4.08%"
"05/31/2021","2,450","2,480","2,480","2,410","57.37M","-0.41%"
"05/28/2021","2,460","2,470","2,500","2,430","118.54M","2.93%"
"05/27/2021","2,390","2,340","2,390","2,330","148.94M","2.58%"
"05/25/2021","2,330","2,310","2,410","2,310","186.48M","2.64%"
"05/24/2021","2,270","2,360","2,390","2,250","128.41M","-2.58%"
"05/21/2021","2,330","2,420","2,440","2,310","147.53M","-3.72%"
"05/20/2021","2,420","2,510","2,520","2,420","214.18M","-5.10%"
"05/19/2021","2,550","2,580","2,640","2,530","111.89M","-1.92%"
"05/18/2021","2,600","2,560","2,640","2,540","179.40M","3.59%"
"05/17/2021","2,510","2,670","2,670","2,500","185.20M","-5.99%"
"05/11/2021","2,670","2,600","2,690","2,600","164.25M","-0.37%"
"05/10/2021","2,680","2,640","2,700","2,620","157.89M","2.29%"
"05/07/2021","2,620","2,630","2,650","2,610","133.08M","0.00%"
"05/06/2021","2,620","2,610","2,670","2,580","150.79M","-0.38%"
"05/05/2021","2,630","2,620","2,640","2,560","180.65M","0.38%"
"05/04/2021","2,620","2,540","2,640","2,500","284.14M","3.97%"
"05/03/2021","2,520","2,500","2,560","2,480","171.05M","1.20%"
"04/30/2021","2,490","2,490","2,500","2,440","124.67M","-0.80%"
"04/29/2021","2,510","2,460","2,540","2,460","325.39M","3.29%"
"04/28/2021","2,430","2,380","2,430","2,350","138.33M","1.67%"
"04/27/2021","2,390","2,410","2,430","2,360","96.61M","0.00%"
"04/26/2021","2,390","2,350","2,420","2,340","139.62M","3.02%"
"04/23/2021","2,320","2,320","2,340","2,310","41.02M","-1.28%"
"04/22/2021","2,350","2,380","2,440","2,350","119.64M","-0.84%"
"04/21/2021","2,370","2,320","2,400","2,300","112.74M","0.85%"
"04/20/2021","2,350","2,330","2,360","2,300","60.37M","0.43%"
"04/19/2021","2,340","2,350","2,370","2,300","91.55M","-2.09%"
"04/16/2021","2,390","2,340","2,420","2,310","173.39M","3.02%"
"04/15/2021","2,320","2,340","2,350","2,300","109.18M","-0.43%"
"04/14/2021","2,330","2,280","2,340","2,280","143.89M","2.64%"
"04/13/2021","2,270","2,250","2,300","2,220","111.02M","0.89%"
"04/12/2021","2,250","2,310","2,310","2,210","194.74M","-3.85%"
"04/09/2021","2,340","2,450","2,490","2,340","264.84M","-5.26%"
"04/08/2021","2,470","2,360","2,480","2,340","327.84M","4.66%"
"04/07/2021","2,360","2,330","2,370","2,270","237.92M","1.29%"
"04/06/2021","2,330","2,250","2,340","2,210","323.98M","5.91%"
"04/05/2021","2,200","2,280","2,280","2,190","107.35M","-1.79%"
"04/01/2021","2,240","2,290","2,300","2,200","160.90M","-0.44%"
"03/31/2021","2,250","2,180","2,250","2,130","268.98M","1.81%"
"03/30/2021","2,210","2,270","2,320","2,160","282.27M","-2.21%"
"03/29/2021","2,260","2,430","2,430","2,260","454.91M","-7.00%"
"03/26/2021","2,430","2,230","2,440","2,200","652.29M","11.47%"
"03/25/2021","2,180","2,170","2,230","2,100","191.88M","0.46%"
"03/24/2021","2,170","2,250","2,250","2,170","156.93M","-4.41%"
"03/23/2021","2,270","2,300","2,310","2,220","141.24M","0.44%"
"03/22/2021","2,260","2,260","2,340","2,250","125.92M","0.44%"
"03/19/2021","2,250","2,270","2,280","2,210","123.41M","-1.75%"
"03/18/2021","2,290","2,350","2,350","2,270","149.55M","-0.43%"
"03/17/2021","2,300","2,290","2,330","2,260","147.19M","1.32%"
"03/16/2021","2,270","2,350","2,350","2,240","231.24M","-2.99%"
"03/15/2021","2,340","2,430","2,450","2,280","371.99M","-3.31%"
"03/12/2021","2,420","2,280","2,440","2,280","537.86M","8.52%"
"03/10/2021","2,230","2,260","2,280","2,170","193.02M","0.00%"
"03/09/2021","2,230","2,280","2,360","2,180","515.11M","-2.19%"
"03/08/2021","2,280","2,490","2,500","2,270","476.95M","-5.79%"
"03/05/2021","2,420","2,370","2,520","2,350","745.02M","-3.97%"
"03/04/2021","2,520","2,520","2,590","2,520","466.39M","-6.67%"
"03/03/2021","2,700","2,770","2,770","2,670","192.15M","-1.10%"
"03/02/2021","2,730","2,840","2,850","2,720","298.49M","-3.87%"
"03/01/2021","2,840","2,850","2,880","2,810","166.78M","0.00%"
"02/26/2021","2,840","2,840","2,890","2,780","1.31B","-4.05%"
"02/25/2021","2,960","2,970","3,010","2,940","346.79M","1.72%"
"02/24/2021","2,910","2,930","2,970","2,820","386.38M","-1.02%"
"02/23/2021","2,940","2,940","3,010","2,920","327.11M","-0.34%"
"02/22/2021","2,950","2,940","3,040","2,910","834.61M","2.43%"
"02/19/2021","2,880","2,800","2,910","2,730","482.82M","3.60%"
"02/18/2021","2,780","2,700","2,820","2,670","349.95M","1.09%"
"02/17/2021","2,750","2,870","2,890","2,720","443.15M","-4.18%"
"02/16/2021","2,870","2,910","2,940","2,860","349.27M","-1.03%"
"02/15/2021","2,900","2,900","2,950","2,880","361.59M","1.05%"
"02/11/2021","2,870","2,940","2,960","2,850","620.11M","-2.05%"
"02/10/2021","2,930","2,790","2,970","2,720","1.40B","7.33%"
"02/09/2021","2,730","2,850","2,860","2,640","877.78M","-3.53%"
"02/08/2021","2,830","2,770","2,830","2,700","977.14M","6.39%"
"02/05/2021","2,660","2,450","2,690","2,370","1.16B","10.83%"
"02/04/2021","2,400","2,400","2,520","2,270","874.17M","3.00%"
"02/03/2021","2,330","2,390","2,520","2,290","948.03M","-3.72%"
"02/02/2021","2,420","2,600","2,630","2,420","942.43M","-6.92%"
"02/01/2021","2,600","2,090","2,640","2,070","2.19B","17.12%"
"01/29/2021","2,220","2,370","2,440","2,220","450.32M","-6.72%"
"01/28/2021","2,380","2,470","2,570","2,380","731.85M","-6.67%"
"01/27/2021","2,550","2,620","2,740","2,490","1.34B","-4.49%"
"01/26/2021","2,670","2,900","2,930","2,670","786.82M","-6.97%"
"01/25/2021","2,870","2,760","2,960","2,680","1.22B","-0.35%"
"01/22/2021","2,880","3,090","3,090","2,880","894.77M","-6.80%"
"01/21/2021","3,090","3,290","3,340","3,030","1.27B","-3.13%"
"01/20/2021","3,190","2,540","3,200","2,530","1.98B","17.71%"
"01/19/2021","2,710","2,810","2,850","2,710","360.50M","-6.87%"
"01/18/2021","2,910","3,000","3,140","2,910","930.62M","-6.73%"
"01/15/2021","3,120","3,300","3,380","3,040","915.91M","-1.89%"
"01/14/2021","3,180","3,140","3,440","3,060","1.50B","1.92%"
"01/13/2021","3,120","2,850","3,130","2,850","1.28B","12.64%"
"01/12/2021","2,770","2,580","2,780","2,550","1.15B","7.36%"
"01/11/2021","2,580","2,560","2,650","2,530","521.30M","-0.77%"
"01/08/2021","2,600","2,640","2,750","2,560","1.05B","0.00%"
"01/07/2021","2,600","2,250","2,740","2,240","1.98B","17.12%"
"01/06/2021","2,220","2,270","2,290","2,130","629.21M","-0.45%"
"01/05/2021","2,230","2,190","2,340","2,130","1.14B","1.83%"
"01/04/2021","2,190","1,970","2,200","1,940","1.04B","13.18%"
"12/30/2020","1,935","1,945","1,985","1,905","535.94M","-0.51%"
"12/29/2020","1,945","2,050","2,070","1,935","739.75M","-2.75%"
"12/28/2020","2,000","1,825","2,000","1,780","992.17M","11.73%"
"12/23/2020","1,790","1,830","1,850","1,720","659.30M","-2.45%"
"12/22/2020","1,835","1,950","1,960","1,830","678.92M","-6.62%"
"12/21/2020","1,965","1,965","2,020","1,925","627.04M","0.77%"
"12/18/2020","1,950","1,845","1,960","1,810","1.08B","7.44%"
"12/17/2020","1,815","1,840","1,880","1,775","542.95M","0.00%"
"12/16/2020","1,815","1,595","1,925","1,590","1.27B","16.35%"
"12/15/2020","1,560","1,525","1,565","1,495","462.92M","2.30%"
"12/14/2020","1,525","1,500","1,540","1,490","417.80M","5.17%"
"12/11/2020","1,450","1,475","1,500","1,435","487.76M","3.94%"
"12/10/2020","1,395","1,330","1,425","1,330","686.89M","7.31%"
"12/08/2020","1,300","1,295","1,320","1,285","377.83M","1.56%"
"12/07/2020","1,280","1,270","1,295","1,260","367.25M","2.81%"
"12/04/2020","1,245","1,265","1,270","1,235","155.58M","-0.80%"
"12/03/2020","1,255","1,245","1,300","1,235","615.00M","0.80%"
"12/02/2020","1,245","1,170","1,260","1,170","803.42M","7.79%"
"12/01/2020","1,155","1,150","1,180","1,105","240.76M","0.87%"
"11/30/2020","1,145","1,225","1,225","1,145","446.06M","-6.91%"
"11/27/2020","1,230","1,230","1,250","1,215","308.95M","1.65%"
"11/26/2020","1,210","1,200","1,225","1,195","147.13M","0.41%"
"11/25/2020","1,205","1,235","1,240","1,195","303.12M","-2.43%"
"11/24/2020","1,235","1,255","1,255","1,220","351.29M","-1.59%"
"11/23/2020","1,255","1,225","1,255","1,215","371.40M","3.72%"
"11/20/2020","1,210","1,235","1,240","1,200","220.94M","-2.02%"
"11/19/2020","1,235","1,240","1,245","1,220","286.39M","-0.40%"
"11/18/2020","1,240","1,220","1,280","1,215","853.42M","4.20%"
"11/17/2020","1,190","1,185","1,215","1,175","300.73M","0.42%"
"11/16/2020","1,185","1,200","1,210","1,180","213.49M","1.28%"
"11/13/2020","1,170","1,160","1,180","1,155","172.84M","0.00%"
"11/12/2020","1,170","1,190","1,205","1,165","200.06M","-2.09%"
"11/11/2020","1,195","1,210","1,240","1,185","628.88M","-0.42%"
"11/10/2020","1,200","1,250","1,255","1,195","604.93M","-3.23%"
"11/09/2020","1,240","1,140","1,245","1,135","846.31M","10.22%"
"11/06/2020","1,125","1,140","1,140","1,115","202.16M","0.00%"
"11/05/2020","1,125","1,130","1,145","1,115","240.42M","1.81%"
"11/04/2020","1,105","1,125","1,145","1,100","410.22M","-0.45%"
"11/03/2020","1,110","1,115","1,130","1,105","317.57M","0.91%"
"11/02/2020","1,100","1,065","1,125","1,055","571.25M","4.27%"
"10/27/2020","1,055","1,050","1,095","1,050","333.73M","-0.47%"
"10/26/2020","1,060","1,090","1,095","1,060","183.29M","-2.30%"
"10/23/2020","1,085","1,095","1,120","1,060","392.72M","0.00%"
"10/22/2020","1,085","1,100","1,120","1,075","465.41M","-1.36%"
"10/21/2020","1,100","1,050","1,145","1,050","1.37B","6.28%"
"10/20/2020","1,035","1,055","1,065","1,020","789.27M","-1.90%"
"10/19/2020","1,055","970","1,055","950","1.16B","12.23%"
"10/16/2020","940","960","995","920","638.76M","0.53%"
"10/15/2020","935","1,020","1,180","920","1.51B","-2.09%"
"10/14/2020","955","775","955","775","1.12B","24.84%"
"10/13/2020","765","780","780","760","47.80M","-1.92%"
"10/12/2020","780","780","790","765","108.45M","1.96%"
"10/09/2020","765","730","775","725","175.47M","6.25%"
"10/08/2020","720","720","730","715","28.84M","0.70%"
"10/07/2020","715","715","720","710","22.00M","-0.69%"
"10/06/2020","720","730","735","715","39.92M","0.00%"
"10/05/2020","720","735","735","715","20.09M","-0.69%"
"10/02/2020","725","735","735","705","56.90M","-1.36%"
"10/01/2020","735","710","740","710","45.50M","4.26%"
"09/30/2020","705","720","730","695","40.69M","-1.40%"
"09/29/2020","715","735","740","715","47.58M","-1.38%"
"09/28/2020","725","730","740","715","23.37M","-0.68%"
"09/25/2020","730","735","735","715","42.23M","1.39%"
"09/24/2020","720","750","750","705","69.79M","-4.00%"
"09/23/2020","750","755","780","735","95.41M","2.04%"
"09/22/2020","735","750","755","725","52.79M","-3.92%"
"09/21/2020","765","785","790","760","34.82M","-3.16%"
"09/18/2020","790","780","795","775","28.86M","1.94%"
"09/17/2020","775","805","805","765","47.54M","-2.52%"
"09/16/2020","795","805","810","785","31.29M","-1.24%"
"09/15/2020","805","810","820","785","66.31M","0.63%"
"09/14/2020","800","780","805","780","61.79M","3.23%"
"09/11/2020","775","710","780","700","114.70M","4.73%"
"09/10/2020","740","785","790","740","121.92M","-6.92%"
"09/09/2020","795","810","810","780","109.62M","-3.64%"
"09/08/2020","825","825","840","820","60.26M","0.00%"
"09/07/2020","825","825","830","810","35.14M","0.00%"
"09/04/2020","825","820","830","800","93.46M","-0.60%"
"09/03/2020","830","850","855","825","96.48M","-2.35%"
"09/02/2020","850","840","855","830","126.14M","1.19%"
"09/01/2020","840","820","840","815","131.13M","2.44%"
"08/31/2020","820","830","855","810","229.96M","0.00%"
"08/28/2020","820","800","830","790","278.49M","3.14%"
"08/27/2020","795","790","805","785","87.82M","1.27%"
"08/26/2020","785","790","800","780","72.18M","-0.63%"
"08/25/2020","790","780","795","775","69.09M","1.28%"
"08/24/2020","780","805","805","775","116.07M","-1.89%"
"08/19/2020","795","810","815","795","88.40M","-1.24%"
"08/18/2020","805","800","820","795","178.54M","2.55%"
"08/14/2020","785","780","805","775","209.37M","1.95%"
"08/13/2020","770","770","790","770","99.03M","0.00%"
"08/12/2020","770","795","795","750","188.57M","-3.75%"
"08/11/2020","800","825","830","790","133.79M","-3.03%"
"08/10/2020","825","840","840","800","100.82M","-1.79%"
"08/07/2020","840","840","865","835","263.82M","0.60%"
"08/06/2020","835","765","840","755","446.66M","11.33%"
"08/05/2020","750","730","750","715","182.81M","6.38%"
"08/04/2020","705","700","715","700","43.43M","0.71%"
"08/03/2020","700","740","750","680","110.87M","-4.11%"
"07/30/2020","730","730","740","720","69.00M","0.00%"
"07/29/2020","730","720","740","710","79.69M","1.39%"
"07/28/2020","720","730","755","715","186.70M","-0.69%"
"07/27/2020","725","695","725","690","197.20M","5.84%"
"07/24/2020","685","705","705","685","134.26M","-0.72%"
"07/23/2020","690","695","705","685","90.67M","0.73%"
"07/22/2020","685","690","705","685","192.43M","0.00%"
"07/21/2020","685","655","690","650","158.93M","5.38%"
"07/20/2020","650","660","665","650","31.53M","-1.52%"
"07/17/2020","660","655","660","645","21.50M","1.54%"
"07/16/2020","650","655","665","650","19.24M","-0.76%"
"07/15/2020","655","665","675","655","38.42M","-0.76%"
"07/14/2020","660","670","680","660","77.24M","-2.22%"
"07/13/2020","675","645","685","645","148.92M","4.65%"
"07/10/2020","645","650","665","640","44.57M","-0.77%"
"07/09/2020","650","660","670","650","66.42M","-1.52%"
"07/08/2020","660","650","675","645","116.13M","1.54%"
"07/07/2020","650","645","670","640","234.41M","1.56%"
"07/06/2020","640","605","640","600","133.41M","6.67%"
"07/03/2020","600","615","615","600","30.66M","-1.64%"
"07/02/2020","610","600","610","590","41.58M","1.67%"
"07/01/2020","600","610","615","595","21.39M","-0.83%"
"06/30/2020","605","605","610","595","30.62M","1.68%"
"06/29/2020","595","610","610","595","25.88M","-1.65%"
"06/26/2020","605","610","615","605","29.81M","0.83%"
"06/25/2020","600","595","605","595","18.73M","-0.83%"
"06/24/2020","605","605","620","600","58.10M","1.68%"
"06/23/2020","595","610","615","590","31.47M","-1.65%"
"06/22/2020","605","610","625","600","49.75M","-0.82%"
"06/19/2020","610","625","630","605","59.84M","-1.61%"
"06/18/2020","620","625","640","620","88.49M","-2.36%"
"06/17/2020","635","620","645","605","195.62M","4.10%"
"06/16/2020","610","575","610","570","110.52M","7.96%"
"06/15/2020","565","585","595","560","44.81M","-2.59%"
"06/12/2020","580","560","580","545","58.20M","0.00%"
"06/11/2020","580","600","605","570","73.06M","-2.52%"
"06/10/2020","595","615","620","580","78.09M","-2.46%"
"06/09/2020","610","640","650","605","137.52M","-3.17%"
"06/08/2020","630","595","645","595","246.39M","6.78%"
"06/05/2020","590","575","600","575","187.74M","3.51%"
"06/04/2020","570","565","590","550","214.07M","2.70%"
"06/03/2020","555","565","580","545","147.86M","0.00%"
"06/02/2020","555","540","570","535","137.75M","3.74%"
"05/29/2020","535","525","535","520","58.93M","1.90%"
"05/28/2020","525","520","540","515","71.85M","0.96%"
"05/27/2020","520","530","535","515","43.52M","-1.89%"
"05/26/2020","530","530","530","515","32.36M","1.92%"
"05/20/2020","520","530","535","510","41.92M","-0.95%"
"05/19/2020","525","535","545","525","61.03M","0.00%"
"05/18/2020","525","525","535","520","46.70M","0.96%"
"05/15/2020","520","525","530","505","67.02M","0.97%"
"05/14/2020","515","530","550","510","81.96M","-3.74%"
"05/13/2020","535","515","540","505","69.03M","3.88%"
"05/12/2020","515","525","530","510","47.05M","-2.83%"
"05/11/2020","530","545","555","530","113.38M","-0.93%"
"05/08/2020","535","505","540","500","185.06M","7.00%"
"05/06/2020","500","505","510","498","40.51M","0.00%"
"05/05/2020","500","500","505","494","37.90M","1.21%"
"05/04/2020","494","490","505","484","64.16M","-3.14%"
"04/30/2020","510","500","525","500","85.17M","2.41%"
"04/29/2020","498","492","500","492","25.49M","1.22%"
"04/28/2020","492","505","510","490","45.39M","-2.57%"
"04/27/2020","505","494","510","494","56.06M","2.23%"
"04/24/2020","494","496","515","486","86.28M","-0.80%"
"04/23/2020","498","500","505","490","86.76M","1.22%"
"04/22/2020","492","476","496","466","74.58M","2.07%"
"04/21/2020","482","500","500","476","92.07M","-3.60%"
"04/20/2020","500","515","520","496","80.55M","-3.85%"
"04/17/2020","520","520","530","500","94.76M","2.97%"
"04/16/2020","505","535","535","494","100.31M","-3.81%"
"04/15/2020","525","560","565","525","87.96M","-5.41%"
"04/14/2020","555","550","560","540","84.35M","3.74%"
"04/13/2020","535","520","555","510","72.24M","2.88%"
"04/09/2020","520","510","540","492","105.62M","0.00%"
"04/08/2020","520","555","555","520","90.03M","-6.31%"
"04/07/2020","555","580","590","520","256.41M","2.78%"
"04/06/2020","540","466","540","466","224.87M","16.38%"
"04/03/2020","464","458","472","450","115.73M","2.65%"
"04/02/2020","452","436","454","424","83.58M","3.67%"
"04/01/2020","436","450","462","434","81.22M","-3.11%"
"03/31/2020","450","440","464","434","89.31M","4.17%"
"03/30/2020","432","450","460","428","74.65M","-6.09%"
"03/27/2020","460","432","505","426","292.79M","10.58%"
"03/26/2020","416","366","432","366","267.25M","14.29%"
"03/24/2020","364","348","374","340","155.14M","4.60%"
"03/23/2020","348","370","370","348","90.14M","-6.95%"
"03/20/2020","374","360","386","338","164.71M","3.31%"
"03/19/2020","362","362","364","362","8.98M","-6.70%"
"03/18/2020","388","398","410","388","78.79M","-6.73%"
"03/17/2020","416","446","446","416","45.12M","-6.73%"
"03/16/2020","446","474","474","446","57.29M","-6.69%"
"03/13/2020","478","470","490","456","117.13M","-2.45%"
"03/12/2020","490","520","520","488","98.61M","-9.26%"
"03/11/2020","540","580","585","530","84.83M","-6.09%"
"03/10/2020","575","555","585","555","76.29M","3.60%"
"03/09/2020","555","590","590","550","105.45M","-9.02%"
"03/06/2020","610","625","630","605","49.75M","-3.17%"
"03/05/2020","630","635","650","625","53.65M","0.00%"
"03/04/2020","630","615","635","610","93.28M","2.44%"
"03/03/2020","615","600","620","595","101.22M","5.13%"
"03/02/2020","585","580","600","570","117.77M","1.74%"
"02/28/2020","575","590","590","540","137.41M","-4.17%"
"02/27/2020","600","630","650","595","104.67M","-4.76%"
"02/26/2020","630","650","660","630","93.94M","-4.55%"
"02/25/2020","660","685","685","655","97.96M","-3.65%"
"02/24/2020","685","710","715","680","67.34M","-2.14%"
"02/21/2020","700","715","715","695","74.64M","-1.41%"
"02/20/2020","710","710","720","705","23.54M","0.71%"
"02/19/2020","705","700","720","700","94.20M","2.17%"
"02/18/2020","690","680","705","675","61.59M","1.47%"
"02/17/2020","680","675","690","670","33.80M","0.74%"
"02/14/2020","675","680","690","665","29.97M","-0.74%"
"02/13/2020","680","715","720","680","48.92M","-4.90%"
"02/12/2020","715","720","725","705","20.70M","-0.69%"
"02/11/2020","720","730","730","715","21.22M","0.00%"
"02/10/2020","720","750","750","710","50.51M","-1.37%"
"02/07/2020","730","730","740","720","27.16M","-0.68%"
"02/06/2020","735","730","735","715","28.18M","1.38%"
"02/05/2020","725","730","735","715","28.23M","-0.68%"
"02/04/2020","730","725","735","715","49.02M","2.10%"
"02/03/2020","715","725","730","705","45.97M","-0.69%"
"01/31/2020","720","745","745","715","65.28M","-2.70%"
"01/30/2020","740","750","760","740","60.23M","-1.33%"
"01/29/2020","750","760","765","750","38.09M","0.00%"
"01/28/2020","750","750","760","730","81.36M","0.00%"
"01/27/2020","750","790","790","745","92.35M","-4.46%"
"01/24/2020","785","780","790","775","25.28M","0.64%"
"01/23/2020","780","785","790","765","38.42M","1.30%"
"01/22/2020","770","800","805","755","129.11M","-3.14%"
"01/21/2020","795","795","810","780","73.00M","0.00%"
"01/20/2020","795","840","850","785","164.36M","-5.36%"
"01/17/2020","840","840","845","835","36.77M","-0.59%"
"01/16/2020","845","850","860","840","52.55M","1.20%"
"01/15/2020","835","850","865","830","73.35M","-1.76%"
"01/14/2020","850","870","870","845","98.28M","-2.30%"
"01/13/2020","870","885","890","870","47.50M","-1.69%"
"01/10/2020","885","880","885","865","47.62M","0.57%"
"01/09/2020","880","895","900","875","109.42M","-2.76%"
"01/08/2020","905","895","920","890","217.12M","3.43%"
"01/07/2020","875","885","895","865","93.75M","-1.13%"
"01/06/2020","885","860","890","855","153.32M","4.12%"
"01/03/2020","850","845","850","840","52.11M","1.19%"
"01/02/2020","840","845","850","825","26.83M","0.00%"
"12/30/2019","840","840","845","835","25.76M","0.60%"
"12/27/2019","835","850","850","830","34.92M","-0.60%"
"12/26/2019","840","830","850","830","56.22M","1.82%"
"12/23/2019","825","835","845","825","38.93M","-0.60%"
"12/20/2019","830","845","850","825","35.55M","-0.60%"
"12/19/2019","835","830","845","825","43.39M","0.60%"
"12/18/2019","830","860","860","825","56.60M","-3.49%"
"12/17/2019","860","870","870","845","42.85M","-0.58%"
"12/16/2019","865","855","865","850","83.13M","1.76%"
"12/13/2019","850","845","855","835","73.52M","1.80%"
"12/12/2019","835","835","855","835","102.16M","1.21%"
"12/11/2019","825","830","835","825","24.14M","0.00%"
"12/10/2019","825","825","835","820","45.79M","0.00%"
"12/09/2019","825","810","835","805","97.67M","1.85%"
"12/06/2019","810","810","815","790","58.18M","0.62%"
"12/05/2019","805","785","815","785","71.15M","2.55%"
"12/04/2019","785","775","790","770","37.00M","1.29%"
"12/03/2019","775","785","800","770","51.90M","-1.90%"
"12/02/2019","790","740","805","740","68.02M","5.33%"
"11/29/2019","750","750","765","735","46.03M","0.00%"
"11/28/2019","750","780","780","745","56.33M","-3.85%"
"11/27/2019","780","810","815","775","53.83M","-3.70%"
"11/26/2019","810","820","820","800","35.58M","-0.61%"
"11/25/2019","815","810","820","805","19.46M","0.62%"
"11/22/2019","810","820","825","805","27.80M","-0.61%"
"11/21/2019","815","820","830","810","35.87M","-1.21%"
"11/20/2019","825","840","845","820","38.08M","-1.20%"
"11/19/2019","835","820","835","815","35.95M","1.83%"
"11/18/2019","820","825","830","815","24.33M","-0.61%"
"11/15/2019","825","810","835","810","44.59M","1.23%"
"11/14/2019","815","820","830","800","49.98M","-0.61%"
"11/13/2019","820","830","835","815","43.11M","0.00%"
"11/12/2019","820","815","825","800","66.39M","-1.20%"
"11/11/2019","830","830","840","820","28.52M","-0.60%"
"11/08/2019","835","840","855","825","41.95M","-1.18%"
"11/07/2019","845","855","860","830","53.51M","-0.59%"
"11/06/2019","850","840","870","825","109.18M","1.80%"
"11/05/2019","835","830","850","820","80.39M","-0.60%"
"11/04/2019","840","855","865","810","148.39M","-1.75%"
"11/01/2019","855","900","905","850","118.83M","-3.93%"
"10/31/2019","890","935","935","885","126.38M","-4.30%"
"10/30/2019","930","930","940","925","69.32M","0.54%"
"10/29/2019","925","925","945","920","133.91M","1.09%"
"10/28/2019","915","950","950","910","177.59M","-4.19%"
"10/25/2019","955","980","985","955","87.43M","-2.05%"
"10/24/2019","975","960","980","950","108.65M","2.09%"
"10/23/2019","955","945","955","940","74.60M","2.69%"
"10/22/2019","930","920","940","915","50.07M","0.54%"
"10/21/2019","925","940","955","920","80.51M","-1.07%"
"10/18/2019","935","955","970","920","125.61M","-2.09%"
"10/17/2019","955","945","970","940","57.85M","-0.52%"
"10/16/2019","960","985","1,005","960","85.27M","-2.54%"
"10/15/2019","985","990","995","980","34.09M","-1.50%"
"10/14/2019","1,000","1,015","1,020","990","61.70M","-1.48%"
"10/11/2019","1,015","995","1,025","985","72.28M","2.01%"
"10/10/2019","995","995","1,015","990","106.47M","0.51%"
"10/09/2019","990","935","995","935","139.35M","6.45%"
"10/08/2019","930","950","955","930","49.18M","-2.62%"
"10/07/2019","955","965","980","945","45.23M","-0.52%"
"10/04/2019","960","975","985","945","46.45M","-0.52%"
"10/03/2019","965","920","970","915","77.44M","4.89%"
"10/02/2019","920","965","975","915","79.41M","-3.66%"
"10/01/2019","955","990","995","950","70.03M","-2.05%"
"09/30/2019","975","990","1,000","965","73.82M","-1.52%"
"09/27/2019","990","1,015","1,020","985","65.01M","-2.46%"
"09/26/2019","1,015","1,015","1,030","1,010","70.66M","0.50%"
"09/25/2019","1,010","1,015","1,035","1,005","67.50M","-0.49%"
"09/24/2019","1,015","1,050","1,055","1,010","104.11M","-3.79%"
"09/23/2019","1,055","1,070","1,075","1,055","50.72M","-0.94%"
"09/20/2019","1,065","1,050","1,075","1,045","77.31M","1.91%"
"09/19/2019","1,045","1,065","1,080","1,045","46.92M","-1.88%"
"09/18/2019","1,065","1,055","1,080","1,050","77.53M","1.43%"
"09/17/2019","1,050","1,045","1,060","1,040","40.39M","0.00%"
"09/16/2019","1,050","1,070","1,085","1,040","95.70M","-1.87%"
"09/13/2019","1,070","1,120","1,125","1,055","128.24M","-4.46%"
"09/12/2019","1,120","1,125","1,140","1,115","59.57M","-0.44%"
"09/11/2019","1,125","1,125","1,140","1,115","65.47M","-0.44%"
"09/10/2019","1,130","1,130","1,160","1,110","202.04M","0.89%"
"09/09/2019","1,120","1,080","1,135","1,080","153.12M","4.19%"
"09/06/2019","1,075","1,090","1,100","1,075","70.61M","-2.27%"
"09/05/2019","1,100","1,105","1,115","1,085","109.97M","0.00%"
"09/04/2019","1,100","1,120","1,140","1,090","108.87M","-0.90%"
"09/03/2019","1,110","1,170","1,170","1,105","184.67M","-5.13%"
"09/02/2019","1,170","1,120","1,175","1,115","380.92M","9.35%"
"08/30/2019","1,070","1,075","1,080","1,045","100.69M","1.42%"
"08/29/2019","1,055","1,060","1,085","1,050","161.35M","0.48%"
"08/28/2019","1,050","1,030","1,060","1,025","102.41M","2.94%"
"08/27/2019","1,020","1,040","1,045","1,020","69.95M","-0.97%"
"08/26/2019","1,030","1,020","1,060","1,015","147.24M","1.48%"
"08/23/2019","1,015","1,045","1,045","1,015","87.93M","-2.40%"
"08/22/2019","1,040","1,075","1,080","1,035","65.05M","-2.80%"
"08/21/2019","1,070","1,055","1,085","1,025","151.19M","1.90%"
"08/20/2019","1,050","1,080","1,080","1,035","117.15M","-3.23%"
"08/19/2019","1,085","1,130","1,130","1,085","85.74M","-3.13%"
"08/16/2019","1,120","1,140","1,150","1,120","141.04M","0.00%"
"08/15/2019","1,120","1,090","1,140","1,085","195.78M","0.90%"
"08/14/2019","1,110","1,070","1,130","1,050","323.68M","4.23%"
"08/13/2019","1,065","1,045","1,085","1,035","175.12M","2.90%"
"08/12/2019","1,035","1,070","1,080","1,030","179.86M","-2.82%"
"08/09/2019","1,065","1,030","1,080","1,015","240.01M","4.41%"
"08/08/2019","1,020","1,050","1,075","1,010","257.68M","1.49%"
"08/07/2019","1,005","945","1,030","940","487.60M","6.91%"
"08/06/2019","940","850","945","830","247.60M","9.30%"
"08/05/2019","860","900","900","855","83.53M","-4.44%"
"08/02/2019","900","905","920","890","100.77M","-2.70%"
"08/01/2019","925","935","940","920","46.31M","-1.07%"
"07/31/2019","935","940","945","925","48.71M","0.00%"
"07/30/2019","935","905","940","905","84.11M","4.47%"
"07/29/2019","895","895","915","880","63.73M","0.56%"
"07/26/2019","890","930","930","885","87.81M","-4.30%"
"07/25/2019","930","955","965","925","78.45M","-1.59%"
"07/24/2019","945","940","960","935","48.60M","0.53%"
"07/23/2019","940","950","970","940","82.88M","-2.08%"
"07/22/2019","960","940","960","915","119.84M","2.13%"
"07/19/2019","940","970","985","935","137.80M","-1.05%"
"07/18/2019","950","920","985","920","335.41M","5.56%"
"07/17/2019","900","900","930","885","238.30M","0.56%"
"07/16/2019","895","885","905","875","141.19M","1.70%"
"07/15/2019","880","855","885","855","192.13M","4.14%"
"07/12/2019","845","850","855","835","54.95M","-0.59%"
"07/11/2019","850","835","855","825","114.50M","3.66%"
"07/10/2019","820","830","840","815","33.57M","-0.61%"
"07/09/2019","825","825","840","825","49.28M","0.00%"
"07/08/2019","825","810","835","800","47.88M","1.85%"
"07/05/2019","810","820","825","810","27.27M","-1.22%"
"07/04/2019","820","825","830","815","42.21M","0.61%"
"07/03/2019","815","845","850","810","82.80M","-2.98%"
"07/02/2019","840","845","850","835","34.08M","-1.18%"
"07/01/2019","850","850","865","840","112.44M","0.59%"
"06/28/2019","845","840","860","830","131.21M","1.81%"
"06/27/2019","830","830","845","820","64.62M","0.61%"
"06/26/2019","825","845","850","820","105.04M","-2.37%"
"06/25/2019","845","805","850","795","242.77M","6.29%"
"06/24/2019","795","805","815","795","37.22M","-0.63%"
"06/21/2019","800","815","820","785","82.01M","-0.62%"
"06/20/2019","805","810","825","800","91.64M","1.26%"
"06/19/2019","795","790","800","785","48.30M","2.58%"
"06/18/2019","775","765","780","765","24.80M","1.31%"
"06/17/2019","765","800","805","760","46.66M","-3.16%"
"06/14/2019","790","785","795","775","51.61M","1.28%"
"06/13/2019","780","785","790","765","41.05M","-0.64%"
"06/12/2019","785","795","810","780","54.72M","-1.26%"
"06/11/2019","795","785","815","770","116.96M","1.92%"
"06/10/2019","780","730","800","730","172.26M","7.59%"
"05/31/2019","725","715","730","715","33.52M","1.40%"
"05/29/2019","715","710","725","705","38.47M","-0.69%"
"05/28/2019","720","750","750","720","56.80M","-2.70%"
"05/27/2019","740","740","760","735","75.19M","1.37%"
"05/24/2019","730","740","755","720","84.78M","-1.35%"
"05/23/2019","740","710","740","710","62.52M","4.23%"
"05/22/2019","710","700","725","700","49.19M","0.00%"
"05/21/2019","710","690","725","690","65.90M","3.65%"
"05/20/2019","685","675","690","660","49.98M","2.24%"
"05/17/2019","670","690","695","670","36.31M","-2.19%"
"05/16/2019","685","700","715","680","52.98M","-2.14%"
"05/15/2019","700","720","735","695","100.10M","-1.41%"
"05/14/2019","710","720","720","700","66.67M","-2.74%"
"05/13/2019","730","745","750","725","45.55M","-2.01%"
"05/10/2019","745","740","750","720","57.42M","2.05%"
"05/09/2019","730","765","770","730","55.96M","-4.58%"
"05/08/2019","765","755","770","750","38.54M","0.00%"
"05/07/2019","765","765","780","765","37.39M","0.66%"
"05/06/2019","760","780","780","745","83.34M","-3.80%"
"05/03/2019","790","820","825","785","95.26M","-3.66%"
"05/02/2019","820","865","870","815","105.86M","-5.20%"
"04/30/2019","865","875","880","855","47.94M","-1.14%"
"04/29/2019","875","875","885","870","26.44M","0.00%"
"04/26/2019","875","865","880","865","33.91M","0.57%"
"04/25/2019","870","880","885","865","28.52M","-1.14%"
"04/24/2019","880","890","890","875","28.63M","-1.12%"
"04/23/2019","890","860","890","855","54.82M","4.09%"
"04/22/2019","855","880","890","850","75.54M","-3.39%"
"04/18/2019","885","905","910","885","41.69M","-1.12%"
"04/16/2019","895","880","900","880","27.04M","1.13%"
"04/15/2019","885","880","890","880","30.76M","0.57%"
"04/12/2019","880","885","890","875","45.36M","-1.68%"
"04/11/2019","895","900","905","890","36.95M","0.00%"
"04/10/2019","895","900","910","890","45.35M","-0.56%"
"04/09/2019","900","885","915","885","53.41M","1.69%"
"04/08/2019","885","905","910","880","70.70M","-2.21%"
"04/05/2019","905","910","925","900","33.85M","-1.09%"
"04/04/2019","915","935","945","910","49.50M","-0.54%"
"04/02/2019","920","940","950","920","102.13M","-2.13%"
"04/01/2019","940","900","945","900","132.62M","6.21%"
"03/29/2019","885","880","895","870","73.45M","0.57%"
"03/28/2019","880","895","915","870","101.87M","-2.22%"
"03/27/2019","900","925","925","890","59.11M","-1.64%"
"03/26/2019","915","925","940","910","63.74M","-0.54%"
"03/25/2019","920","940","945","910","105.59M","-4.17%"
"03/22/2019","960","960","965","950","38.78M","-0.52%"
"03/21/2019","965","970","980","960","42.88M","0.52%"
"03/20/2019","960","960","980","960","55.33M","0.00%"
"03/19/2019","960","960","975","955","69.78M","0.52%"
"03/18/2019","955","980","985","945","95.09M","-2.05%"
"03/15/2019","975","965","990","950","72.57M","1.04%"
"03/14/2019","965","975","975","960","65.56M","0.00%"
"03/13/2019","965","975","990","960","98.82M","-0.52%"
"03/12/2019","970","1,010","1,015","955","144.23M","-2.51%"
"03/11/2019","995","1,010","1,025","990","133.21M","0.51%"
"03/08/2019","990","1,010","1,015","990","137.04M","-5.26%"
"03/06/2019","1,045","1,050","1,065","1,040","87.86M","0.97%"
"03/05/2019","1,035","1,040","1,065","1,015","126.42M","-1.43%"
"03/04/2019","1,050","1,060","1,075","1,045","100.86M","-0.47%"
"03/01/2019","1,055","1,000","1,055","1,000","117.66M","3.94%"
"02/28/2019","1,015","1,040","1,045","980","192.90M","-1.46%"
"02/27/2019","1,030","1,055","1,060","1,030","61.84M","-1.44%"
"02/26/2019","1,045","1,075","1,075","1,035","148.39M","-3.69%"
"02/25/2019","1,085","1,065","1,090","1,060","177.24M","2.84%"
"02/22/2019","1,055","1,035","1,060","1,010","129.28M","1.93%"
"02/21/2019","1,035","1,080","1,085","1,030","158.91M","-2.36%"
"02/20/2019","1,060","1,040","1,090","1,040","261.79M","3.41%"
"02/19/2019","1,025","1,000","1,055","995","255.67M","3.02%"
"02/18/2019","995","975","1,020","970","173.59M","4.74%"
"02/15/2019","950","990","995","950","142.48M","-5.00%"
"02/14/2019","1,000","1,020","1,030","985","139.03M","-0.99%"
"02/13/2019","1,010","975","1,040","950","277.12M","5.21%"
"02/12/2019","960","980","995","935","182.84M","-2.04%"
"02/11/2019","980","1,025","1,025","975","222.92M","-4.39%"
"02/08/2019","1,025","1,050","1,080","1,025","179.59M","-3.30%"
"02/07/2019","1,060","1,080","1,150","1,050","369.84M","-3.20%"
"02/06/2019","1,095","1,025","1,100","1,005","285.52M","8.42%"
"02/04/2019","1,010","970","1,040","970","303.52M","5.21%"
"02/01/2019","960","975","975","955","59.97M","-0.52%"
"01/31/2019","965","965","980","955","133.94M","1.58%"
"01/30/2019","950","935","960","935","180.20M","3.26%"
"01/29/2019","920","910","930","900","96.60M","1.10%"
"01/28/2019","910","945","950","910","132.45M","-2.15%"
"01/25/2019","930","895","945","895","261.09M","3.91%"
"01/24/2019","895","865","905","855","196.54M","4.07%"
"01/23/2019","860","830","885","825","141.40M","3.61%"
"01/22/2019","830","855","860","820","77.11M","-2.92%"
"01/21/2019","855","855","870","850","72.19M","0.59%"
"01/18/2019","850","850","870","840","73.99M","0.59%"
"01/17/2019","845","870","885","840","92.14M","-2.87%"
"01/16/2019","870","830","885","825","245.19M","6.10%"
"01/15/2019","820","780","830","780","165.28M","5.13%"
"01/14/2019","780","795","795","775","41.65M","-1.27%"
"01/11/2019","790","795","800","780","56.41M","0.00%"
"01/10/2019","790","780","805","775","150.29M","1.28%"
"01/09/2019","780","770","790","765","105.65M","2.63%"
"01/08/2019","760","775","780","755","82.49M","-1.30%"
"01/07/2019","770","775","785","765","65.85M","1.32%"
"01/04/2019","760","750","765","745","59.88M","1.33%"
"01/03/2019","750","750","755","740","34.64M","1.35%"
"01/02/2019","740","770","775","735","53.13M","-3.27%"